"fold","inverts","macroalgae","rock","sand"
"2",0.600407727336642,0.819400802330792,0.122685245322948,0.55100027746945
"5",0.816621622971357,0.93704517739193,0.124952777970807,0.918179726162078
"3",0.651159386748241,0.812211146039689,0.644067809218024,0.786009204520897
"1",0.0605234050910545,0.645608059155454,0.325629773716227,0.618664014532824
"4",0.0269710466654914,0.229615474608235,0.445499739281233,0.424862488687515
"mean",0.431136637762557,0.68877613190522,0.332567069101848,0.659743142274553
