"fold","inverts","macroalgae","rock","sand","seagrasses"
"3",0.41660891566046,0.729577785566166,0.496175032116906,0.794624177501009,0.323665239108866
"5",0.410775987603987,0.772086382389015,0.641370060107758,0.7499110046639,0.304417436090126
"4",0.343275258015186,0.667377386029903,0.619301128033205,0.853639328642608,0.632235339632767
"1",0.432161224809381,0.766186694219692,0.435917702721709,0.647498763492541,0.232799707834523
"2",0.590875567292421,0.561305650376316,0.395186617722182,0.624237381379334,0.200311374534015
"mean",0.438739390676287,0.699306779716218,0.517590108140352,0.733982131135878,0.338685819440059
