"","dom_tag","sum(dom_area)"
"1","inverts.fit",993.691808288559
"2","macroalg.fit",1290.56368849362
"3","rock.fit",167.428598896675
"4","sand.fit",4999.04751266857
