"","dom_tag","sum(dom_area)"
"1","inverts.fit",74.2576224866574
"2","macroalg.fit",7440.11594479228
"3","rock.fit",727.049126647208
"4","sand.fit",15689.7050702655
