"Moran I statistic","Expectation","Variance","taxa","p.value"
0.366112417243681,-0.0144927536231884,0.00470555140655571,"macroalgae",1.44130368909411e-08
0.0240118213164784,-0.0144927536231884,0.00459153317617004,"rock",0.284935265934143
0.288279040511199,-0.0144927536231884,0.00466604265550401,"inverts",4.65902958454837e-06
0.356766234815822,-0.0144927536231884,0.00480983961100722,"sand",4.3211393083474e-08
