campaignid,period,level_1,level_2,level_3,level_4,level_5,level_6,level_7,level_8,family,genus,species,caab_code,count
2020-10_south-west_BOSS,1,Biota,Sessile invertebrates,NA,NA,NA,NA,NA,NA,NA,NA,NA,99900044,14
2020-10_south-west_BOSS,1,Biota,Sponges,NA,NA,NA,NA,NA,NA,NA,NA,NA,10000000,5
2020-10_south-west_BOSS,1,Biota,Sponges,NA,NA,NA,NA,NA,NA,NA,NA,NA,10000903,7
2020-10_south-west_BOSS,1,Biota,Sponges,NA,NA,NA,NA,NA,NA,NA,NA,NA,10000912,3
2020-10_south-west_BOSS,1,Physical,Substrate,NA,NA,NA,NA,NA,NA,NA,NA,NA,82001001,13
2020-10_south-west_BOSS,1,Physical,Substrate,NA,NA,NA,NA,NA,NA,NA,NA,NA,82001013,9
2020-10_south-west_BOSS,100,Biota,Macroalgae,NA,NA,NA,NA,NA,NA,NA,NA,NA,80300906,1
2020-10_south-west_BOSS,100,Biota,Macroalgae,NA,NA,NA,NA,NA,NA,NA,NA,NA,80300908,1
2020-10_south-west_BOSS,100,Biota,Macroalgae,NA,NA,NA,NA,NA,NA,NA,NA,NA,80300909,6
2020-10_south-west_BOSS,100,Biota,Macroalgae,NA,NA,NA,NA,NA,NA,NA,NA,NA,80300910,30
2020-10_south-west_BOSS,100,Biota,Seagrasses,NA,NA,NA,NA,NA,NA,Cymodoceaceae,Thalassodendron,spp,63618905,11
2020-10_south-west_BOSS,100,Biota,Sponges,NA,NA,NA,NA,NA,NA,NA,NA,NA,10000000,1
2020-10_south-west_BOSS,100,Biota,Sponges,NA,NA,NA,NA,NA,NA,NA,NA,NA,10000903,4
2020-10_south-west_BOSS,100,Biota,Sponges,NA,NA,NA,NA,NA,NA,NA,NA,NA,10000912,2
2020-10_south-west_BOSS,100,Physical,Substrate,NA,NA,NA,NA,NA,NA,NA,NA,NA,82001001,18
2020-10_south-west_BOSS,100,Physical,Substrate,NA,NA,NA,NA,NA,NA,NA,NA,NA,82001013,2
2020-10_south-west_BOSS,101,Biota,Macroalgae,NA,NA,NA,NA,NA,NA,NA,NA,NA,80300904,3
2020-10_south-west_BOSS,101,Biota,Macroalgae,NA,NA,NA,NA,NA,NA,NA,NA,NA,80300909,11
2020-10_south-west_BOSS,101,Biota,Macroalgae,NA,NA,NA,NA,NA,NA,NA,NA,NA,80300910,40
2020-10_south-west_BOSS,101,Biota,Sponges,NA,NA,NA,NA,NA,NA,NA,NA,NA,10000903,6
2020-10_south-west_BOSS,101,Physical,Substrate,NA,NA,NA,NA,NA,NA,NA,NA,NA,82001001,11
2020-10_south-west_BOSS,101,Physical,Substrate,NA,NA,NA,NA,NA,NA,NA,NA,NA,82001013,7
2020-10_south-west_BOSS,102,Biota,Macroalgae,NA,NA,NA,NA,NA,NA,NA,NA,NA,80300905,1
2020-10_south-west_BOSS,102,Biota,Macroalgae,NA,NA,NA,NA,NA,NA,NA,NA,NA,80300906,1
2020-10_south-west_BOSS,102,Biota,Macroalgae,NA,NA,NA,NA,NA,NA,NA,NA,NA,80300909,4
2020-10_south-west_BOSS,102,Biota,Macroalgae,NA,NA,NA,NA,NA,NA,NA,NA,NA,80300910,51
2020-10_south-west_BOSS,102,Biota,Sponges,NA,NA,NA,NA,NA,NA,NA,NA,NA,10000000,3
2020-10_south-west_BOSS,102,Biota,Sponges,NA,NA,NA,NA,NA,NA,NA,NA,NA,10000903,4
2020-10_south-west_BOSS,102,Biota,Sponges,NA,NA,NA,NA,NA,NA,NA,NA,NA,10000912,1
2020-10_south-west_BOSS,102,Physical,Substrate,NA,NA,NA,NA,NA,NA,NA,NA,NA,82001001,9
2020-10_south-west_BOSS,102,Physical,Substrate,NA,NA,NA,NA,NA,NA,NA,NA,NA,82001013,5
2020-10_south-west_BOSS,110,Biota,Sponges,NA,NA,NA,NA,NA,NA,NA,NA,NA,10000903,1
2020-10_south-west_BOSS,110,Physical,Substrate,NA,NA,NA,NA,NA,NA,NA,NA,NA,82001013,79
2020-10_south-west_BOSS,113,Physical,Substrate,NA,NA,NA,NA,NA,NA,NA,NA,NA,82001013,80
2020-10_south-west_BOSS,115,Biota,Sessile invertebrates,NA,NA,NA,NA,NA,NA,NA,NA,NA,99900044,2
2020-10_south-west_BOSS,115,Physical,Substrate,NA,NA,NA,NA,NA,NA,NA,NA,NA,82001013,76
2020-10_south-west_BOSS,117,Physical,Substrate,NA,NA,NA,NA,NA,NA,NA,NA,NA,82001013,76
2020-10_south-west_BOSS,119,Biota,Macroalgae,NA,NA,NA,NA,NA,NA,NA,NA,NA,80300904,1
2020-10_south-west_BOSS,119,Biota,Macroalgae,NA,NA,NA,NA,NA,NA,NA,NA,NA,80300909,1
2020-10_south-west_BOSS,119,Biota,Macroalgae,NA,NA,NA,NA,NA,NA,NA,NA,NA,80300910,42
2020-10_south-west_BOSS,119,Biota,Sponges,NA,NA,NA,NA,NA,NA,NA,NA,NA,10000000,4
2020-10_south-west_BOSS,119,Biota,Sponges,NA,NA,NA,NA,NA,NA,NA,NA,NA,10000903,1
2020-10_south-west_BOSS,119,Physical,Substrate,NA,NA,NA,NA,NA,NA,NA,NA,NA,82001001,15
2020-10_south-west_BOSS,119,Physical,Substrate,NA,NA,NA,NA,NA,NA,NA,NA,NA,82001013,15
2020-10_south-west_BOSS,122,Biota,Macroalgae,NA,NA,NA,NA,NA,NA,Lessoniaceae,Ecklonia,radiata,54079009,3
2020-10_south-west_BOSS,122,Biota,Macroalgae,NA,NA,NA,NA,NA,NA,NA,NA,NA,80300904,4
2020-10_south-west_BOSS,122,Biota,Macroalgae,NA,NA,NA,NA,NA,NA,NA,NA,NA,80300910,23
2020-10_south-west_BOSS,122,Biota,Seagrasses,NA,NA,NA,NA,NA,NA,Cymodoceaceae,Thalassodendron,spp,63618905,12
2020-10_south-west_BOSS,122,Biota,Sponges,NA,NA,NA,NA,NA,NA,NA,NA,NA,10000000,4
2020-10_south-west_BOSS,122,Biota,Sponges,NA,NA,NA,NA,NA,NA,NA,NA,NA,10000903,5
2020-10_south-west_BOSS,122,Physical,Substrate,NA,NA,NA,NA,NA,NA,NA,NA,NA,82001001,20
2020-10_south-west_BOSS,122,Physical,Substrate,NA,NA,NA,NA,NA,NA,NA,NA,NA,82001013,3
2020-10_south-west_BOSS,123,Biota,Cnidaria,NA,NA,NA,NA,NA,NA,NA,NA,NA,11168917,1
2020-10_south-west_BOSS,123,Biota,Macroalgae,NA,NA,NA,NA,NA,NA,Lessoniaceae,Ecklonia,radiata,54079009,3
2020-10_south-west_BOSS,123,Biota,Macroalgae,NA,NA,NA,NA,NA,NA,NA,NA,NA,80300904,10
2020-10_south-west_BOSS,123,Biota,Macroalgae,NA,NA,NA,NA,NA,NA,NA,NA,NA,80300910,12
2020-10_south-west_BOSS,123,Biota,Sponges,NA,NA,NA,NA,NA,NA,NA,NA,NA,10000903,2
2020-10_south-west_BOSS,123,Physical,Substrate,NA,NA,NA,NA,NA,NA,NA,NA,NA,82001001,13
2020-10_south-west_BOSS,123,Physical,Substrate,NA,NA,NA,NA,NA,NA,NA,NA,NA,82001013,25
2020-10_south-west_BOSS,125,Biota,Macroalgae,NA,NA,NA,NA,NA,NA,Lessoniaceae,Ecklonia,radiata,54079009,5
2020-10_south-west_BOSS,125,Biota,Macroalgae,NA,NA,NA,NA,NA,NA,NA,NA,NA,80300904,5
2020-10_south-west_BOSS,125,Biota,Macroalgae,NA,NA,NA,NA,NA,NA,NA,NA,NA,80300910,20
2020-10_south-west_BOSS,125,Biota,Sponges,NA,NA,NA,NA,NA,NA,NA,NA,NA,10000000,3
2020-10_south-west_BOSS,125,Biota,Sponges,NA,NA,NA,NA,NA,NA,NA,NA,NA,10000903,2
2020-10_south-west_BOSS,125,Biota,Sponges,NA,NA,NA,NA,NA,NA,NA,NA,NA,10000912,1
2020-10_south-west_BOSS,125,Physical,Substrate,NA,NA,NA,NA,NA,NA,NA,NA,NA,82001001,13
2020-10_south-west_BOSS,125,Physical,Substrate,NA,NA,NA,NA,NA,NA,NA,NA,NA,82001013,11
2020-10_south-west_BOSS,126,Biota,Cnidaria,NA,NA,NA,NA,NA,NA,NA,NA,NA,11290907,5
2020-10_south-west_BOSS,126,Biota,Macroalgae,NA,NA,NA,NA,NA,NA,Lessoniaceae,Ecklonia,radiata,54079009,3
2020-10_south-west_BOSS,126,Biota,Macroalgae,NA,NA,NA,NA,NA,NA,NA,NA,NA,80300000,1
2020-10_south-west_BOSS,126,Biota,Macroalgae,NA,NA,NA,NA,NA,NA,NA,NA,NA,80300904,3
2020-10_south-west_BOSS,126,Biota,Macroalgae,NA,NA,NA,NA,NA,NA,NA,NA,NA,80300910,11
2020-10_south-west_BOSS,126,Biota,Seagrasses,NA,NA,NA,NA,NA,NA,Cymodoceaceae,Thalassodendron,spp,63618905,7
2020-10_south-west_BOSS,126,Biota,Sponges,NA,NA,NA,NA,NA,NA,NA,NA,NA,10000000,3
2020-10_south-west_BOSS,126,Physical,Substrate,NA,NA,NA,NA,NA,NA,NA,NA,NA,82001001,16
2020-10_south-west_BOSS,126,Physical,Substrate,NA,NA,NA,NA,NA,NA,NA,NA,NA,82001013,16
2020-10_south-west_BOSS,130,Biota,Macroalgae,NA,NA,NA,NA,NA,NA,Lessoniaceae,Ecklonia,radiata,54079009,4
2020-10_south-west_BOSS,130,Biota,Macroalgae,NA,NA,NA,NA,NA,NA,NA,NA,NA,80300910,30
2020-10_south-west_BOSS,130,Biota,Seagrasses,NA,NA,NA,NA,NA,NA,Cymodoceaceae,Thalassodendron,spp,63618905,20
2020-10_south-west_BOSS,130,Biota,Sponges,NA,NA,NA,NA,NA,NA,NA,NA,NA,10000000,3
2020-10_south-west_BOSS,130,Physical,Substrate,NA,NA,NA,NA,NA,NA,NA,NA,NA,82001001,21
2020-10_south-west_BOSS,132,Biota,Macroalgae,NA,NA,NA,NA,NA,NA,NA,NA,NA,80300909,8
2020-10_south-west_BOSS,132,Biota,Macroalgae,NA,NA,NA,NA,NA,NA,NA,NA,NA,80300910,30
2020-10_south-west_BOSS,132,Biota,Seagrasses,NA,NA,NA,NA,NA,NA,Cymodoceaceae,Thalassodendron,spp,63618905,21
2020-10_south-west_BOSS,132,Physical,Substrate,NA,NA,NA,NA,NA,NA,NA,NA,NA,82001001,9
2020-10_south-west_BOSS,132,Physical,Substrate,NA,NA,NA,NA,NA,NA,NA,NA,NA,82001013,6
2020-10_south-west_BOSS,133,Biota,Macroalgae,NA,NA,NA,NA,NA,NA,Lessoniaceae,Ecklonia,radiata,54079009,23
2020-10_south-west_BOSS,133,Biota,Macroalgae,NA,NA,NA,NA,NA,NA,NA,NA,NA,80300909,2
2020-10_south-west_BOSS,133,Biota,Macroalgae,NA,NA,NA,NA,NA,NA,NA,NA,NA,80300910,5
2020-10_south-west_BOSS,133,Biota,Seagrasses,NA,NA,NA,NA,NA,NA,Cymodoceaceae,Thalassodendron,spp,63618905,21
2020-10_south-west_BOSS,133,Biota,Sponges,NA,NA,NA,NA,NA,NA,NA,NA,NA,10000000,1
2020-10_south-west_BOSS,133,Biota,Sponges,NA,NA,NA,NA,NA,NA,NA,NA,NA,10000903,3
2020-10_south-west_BOSS,133,Physical,Substrate,NA,NA,NA,NA,NA,NA,NA,NA,NA,82001001,12
2020-10_south-west_BOSS,134,Biota,Macroalgae,NA,NA,NA,NA,NA,NA,Lessoniaceae,Ecklonia,radiata,54079009,3
2020-10_south-west_BOSS,134,Biota,Macroalgae,NA,NA,NA,NA,NA,NA,NA,NA,NA,80300000,9
2020-10_south-west_BOSS,134,Biota,Macroalgae,NA,NA,NA,NA,NA,NA,NA,NA,NA,80300904,1
2020-10_south-west_BOSS,134,Biota,Macroalgae,NA,NA,NA,NA,NA,NA,NA,NA,NA,80300909,4
2020-10_south-west_BOSS,134,Biota,Macroalgae,NA,NA,NA,NA,NA,NA,NA,NA,NA,80300910,20
2020-10_south-west_BOSS,134,Biota,Seagrasses,NA,NA,NA,NA,NA,NA,Cymodoceaceae,Thalassodendron,spp,63618905,5
2020-10_south-west_BOSS,134,Biota,Sponges,NA,NA,NA,NA,NA,NA,NA,NA,NA,10000000,1
2020-10_south-west_BOSS,134,Biota,Sponges,NA,NA,NA,NA,NA,NA,NA,NA,NA,10000903,2
2020-10_south-west_BOSS,134,Physical,Substrate,NA,NA,NA,NA,NA,NA,NA,NA,NA,82001001,13
2020-10_south-west_BOSS,134,Physical,Substrate,NA,NA,NA,NA,NA,NA,NA,NA,NA,82001013,10
2020-10_south-west_BOSS,135,Biota,Cnidaria,NA,NA,NA,NA,NA,NA,NA,NA,NA,11001000,5
2020-10_south-west_BOSS,135,Biota,Sessile invertebrates,NA,NA,NA,NA,NA,NA,NA,NA,NA,99900044,4
2020-10_south-west_BOSS,135,Biota,Sponges,NA,NA,NA,NA,NA,NA,NA,NA,NA,10000000,2
2020-10_south-west_BOSS,135,Biota,Sponges,NA,NA,NA,NA,NA,NA,NA,NA,NA,10000903,2
2020-10_south-west_BOSS,135,Biota,Sponges,NA,NA,NA,NA,NA,NA,NA,NA,NA,10000912,2
2020-10_south-west_BOSS,135,Physical,Substrate,NA,NA,NA,NA,NA,NA,NA,NA,NA,82001013,36
2020-10_south-west_BOSS,136,Biota,Bryozoa,NA,NA,NA,NA,NA,NA,NA,NA,NA,20000000,1
2020-10_south-west_BOSS,136,Biota,Sessile invertebrates,NA,NA,NA,NA,NA,NA,NA,NA,NA,99900044,7
2020-10_south-west_BOSS,136,Biota,Sponges,NA,NA,NA,NA,NA,NA,NA,NA,NA,10000000,2
2020-10_south-west_BOSS,136,Biota,Sponges,NA,NA,NA,NA,NA,NA,NA,NA,NA,10000903,6
2020-10_south-west_BOSS,136,Biota,Sponges,NA,NA,NA,NA,NA,NA,NA,NA,NA,10000912,3
2020-10_south-west_BOSS,136,Physical,Substrate,NA,NA,NA,NA,NA,NA,NA,NA,NA,82001001,1
2020-10_south-west_BOSS,136,Physical,Substrate,NA,NA,NA,NA,NA,NA,NA,NA,NA,82001013,39
2020-10_south-west_BOSS,145,Biota,Macroalgae,NA,NA,NA,NA,NA,NA,Lessoniaceae,Ecklonia,radiata,54079009,5
2020-10_south-west_BOSS,145,Biota,Macroalgae,NA,NA,NA,NA,NA,NA,NA,NA,NA,80300904,5
2020-10_south-west_BOSS,145,Biota,Macroalgae,NA,NA,NA,NA,NA,NA,NA,NA,NA,80300910,29
2020-10_south-west_BOSS,145,Biota,Seagrasses,NA,NA,NA,NA,NA,NA,Cymodoceaceae,Thalassodendron,spp,63618905,1
2020-10_south-west_BOSS,145,Biota,Sponges,NA,NA,NA,NA,NA,NA,NA,NA,NA,10000903,3
2020-10_south-west_BOSS,145,Physical,Substrate,NA,NA,NA,NA,NA,NA,NA,NA,NA,82001001,17
2020-10_south-west_BOSS,145,Physical,Substrate,NA,NA,NA,NA,NA,NA,NA,NA,NA,82001013,9
2020-10_south-west_BOSS,146,Biota,Macroalgae,NA,NA,NA,NA,NA,NA,Lessoniaceae,Ecklonia,radiata,54079009,10
2020-10_south-west_BOSS,146,Biota,Macroalgae,NA,NA,NA,NA,NA,NA,NA,NA,NA,80300910,1
2020-10_south-west_BOSS,146,Biota,Macroalgae,NA,NA,NA,NA,NA,NA,NA,NA,NA,80300930,1
2020-10_south-west_BOSS,146,Biota,Seagrasses,NA,NA,NA,NA,NA,NA,Cymodoceaceae,Thalassodendron,spp,63618905,8
2020-10_south-west_BOSS,146,Physical,Substrate,NA,NA,NA,NA,NA,NA,NA,NA,NA,82001001,36
2020-10_south-west_BOSS,146,Physical,Substrate,NA,NA,NA,NA,NA,NA,NA,NA,NA,82001013,23
2020-10_south-west_BOSS,147,Biota,Macroalgae,NA,NA,NA,NA,NA,NA,Lessoniaceae,Ecklonia,radiata,54079009,3
2020-10_south-west_BOSS,147,Biota,Macroalgae,NA,NA,NA,NA,NA,NA,NA,NA,NA,80300000,7
2020-10_south-west_BOSS,147,Biota,Macroalgae,NA,NA,NA,NA,NA,NA,NA,NA,NA,80300904,2
2020-10_south-west_BOSS,147,Biota,Macroalgae,NA,NA,NA,NA,NA,NA,NA,NA,NA,80300909,2
2020-10_south-west_BOSS,147,Biota,Macroalgae,NA,NA,NA,NA,NA,NA,NA,NA,NA,80300910,16
2020-10_south-west_BOSS,147,Physical,Substrate,NA,NA,NA,NA,NA,NA,NA,NA,NA,82001001,10
2020-10_south-west_BOSS,147,Physical,Substrate,NA,NA,NA,NA,NA,NA,NA,NA,NA,82001013,31
2020-10_south-west_BOSS,15,Biota,Macroalgae,NA,NA,NA,NA,NA,NA,Lessoniaceae,Ecklonia,radiata,54079009,4
2020-10_south-west_BOSS,15,Biota,Macroalgae,NA,NA,NA,NA,NA,NA,NA,NA,NA,80300000,1
2020-10_south-west_BOSS,15,Biota,Macroalgae,NA,NA,NA,NA,NA,NA,NA,NA,NA,80300909,2
2020-10_south-west_BOSS,15,Biota,Macroalgae,NA,NA,NA,NA,NA,NA,NA,NA,NA,80300910,37
2020-10_south-west_BOSS,15,Biota,Seagrasses,NA,NA,NA,NA,NA,NA,Cymodoceaceae,Thalassodendron,spp,63618905,15
2020-10_south-west_BOSS,15,Biota,Sponges,NA,NA,NA,NA,NA,NA,NA,NA,NA,10000000,1
2020-10_south-west_BOSS,15,Biota,Sponges,NA,NA,NA,NA,NA,NA,NA,NA,NA,10000903,1
2020-10_south-west_BOSS,15,Physical,Substrate,NA,NA,NA,NA,NA,NA,NA,NA,NA,82001001,10
2020-10_south-west_BOSS,15,Physical,Substrate,NA,NA,NA,NA,NA,NA,NA,NA,NA,82001013,8
2020-10_south-west_BOSS,152,Biota,Macroalgae,NA,NA,NA,NA,NA,NA,Lessoniaceae,Ecklonia,radiata,54079009,3
2020-10_south-west_BOSS,152,Biota,Macroalgae,NA,NA,NA,NA,NA,NA,NA,NA,NA,80300000,1
2020-10_south-west_BOSS,152,Biota,Macroalgae,NA,NA,NA,NA,NA,NA,NA,NA,NA,80300904,3
2020-10_south-west_BOSS,152,Biota,Macroalgae,NA,NA,NA,NA,NA,NA,NA,NA,NA,80300910,10
2020-10_south-west_BOSS,152,Biota,Seagrasses,NA,NA,NA,NA,NA,NA,Cymodoceaceae,Thalassodendron,spp,63618905,4
2020-10_south-west_BOSS,152,Biota,Sponges,NA,NA,NA,NA,NA,NA,NA,NA,NA,10000903,1
2020-10_south-west_BOSS,152,Physical,Substrate,NA,NA,NA,NA,NA,NA,NA,NA,NA,82001001,38
2020-10_south-west_BOSS,152,Physical,Substrate,NA,NA,NA,NA,NA,NA,NA,NA,NA,82001013,13
2020-10_south-west_BOSS,157,Biota,Bryozoa,NA,NA,NA,NA,NA,NA,NA,NA,NA,20000000,2
2020-10_south-west_BOSS,157,Biota,Macroalgae,NA,NA,NA,NA,NA,NA,Lessoniaceae,Ecklonia,radiata,54079009,6
2020-10_south-west_BOSS,157,Biota,Macroalgae,NA,NA,NA,NA,NA,NA,NA,NA,NA,80300000,3
2020-10_south-west_BOSS,157,Biota,Macroalgae,NA,NA,NA,NA,NA,NA,NA,NA,NA,80300904,2
2020-10_south-west_BOSS,157,Biota,Macroalgae,NA,NA,NA,NA,NA,NA,NA,NA,NA,80300909,10
2020-10_south-west_BOSS,157,Biota,Macroalgae,NA,NA,NA,NA,NA,NA,NA,NA,NA,80300910,12
2020-10_south-west_BOSS,157,Biota,Seagrasses,NA,NA,NA,NA,NA,NA,Cymodoceaceae,Thalassodendron,spp,63618905,5
2020-10_south-west_BOSS,157,Biota,Sessile invertebrates,NA,NA,NA,NA,NA,NA,NA,NA,NA,99900044,1
2020-10_south-west_BOSS,157,Biota,Sponges,NA,NA,NA,NA,NA,NA,NA,NA,NA,10000000,3
2020-10_south-west_BOSS,157,Biota,Sponges,NA,NA,NA,NA,NA,NA,NA,NA,NA,10000903,2
2020-10_south-west_BOSS,157,Biota,Sponges,NA,NA,NA,NA,NA,NA,NA,NA,NA,10000912,2
2020-10_south-west_BOSS,157,Physical,Substrate,NA,NA,NA,NA,NA,NA,NA,NA,NA,82001001,15
2020-10_south-west_BOSS,157,Physical,Substrate,NA,NA,NA,NA,NA,NA,NA,NA,NA,82001013,15
2020-10_south-west_BOSS,158,Biota,Macroalgae,NA,NA,NA,NA,NA,NA,NA,NA,NA,80300910,2
2020-10_south-west_BOSS,158,Physical,Substrate,NA,NA,NA,NA,NA,NA,NA,NA,NA,82001001,34
2020-10_south-west_BOSS,158,Physical,Substrate,NA,NA,NA,NA,NA,NA,NA,NA,NA,82001013,42
2020-10_south-west_BOSS,16,Biota,Macroalgae,NA,NA,NA,NA,NA,NA,NA,NA,NA,80300904,1
2020-10_south-west_BOSS,16,Biota,Macroalgae,NA,NA,NA,NA,NA,NA,NA,NA,NA,80300910,34
2020-10_south-west_BOSS,16,Biota,Seagrasses,NA,NA,NA,NA,NA,NA,Cymodoceaceae,Thalassodendron,spp,63618905,4
2020-10_south-west_BOSS,16,Biota,Sponges,NA,NA,NA,NA,NA,NA,NA,NA,NA,10000000,5
2020-10_south-west_BOSS,16,Biota,Sponges,NA,NA,NA,NA,NA,NA,NA,NA,NA,10000901,1
2020-10_south-west_BOSS,16,Biota,Sponges,NA,NA,NA,NA,NA,NA,NA,NA,NA,10000903,5
2020-10_south-west_BOSS,16,Physical,Substrate,NA,NA,NA,NA,NA,NA,NA,NA,NA,82001001,15
2020-10_south-west_BOSS,16,Physical,Substrate,NA,NA,NA,NA,NA,NA,NA,NA,NA,82001013,7
2020-10_south-west_BOSS,17,Biota,Macroalgae,NA,NA,NA,NA,NA,NA,Lessoniaceae,Ecklonia,radiata,54079009,1
2020-10_south-west_BOSS,17,Biota,Macroalgae,NA,NA,NA,NA,NA,NA,NA,NA,NA,80300910,69
2020-10_south-west_BOSS,17,Biota,Seagrasses,NA,NA,NA,NA,NA,NA,Cymodoceaceae,Thalassodendron,spp,63618905,2
2020-10_south-west_BOSS,17,Biota,Sponges,NA,NA,NA,NA,NA,NA,NA,NA,NA,10000903,1
2020-10_south-west_BOSS,17,Biota,Sponges,NA,NA,NA,NA,NA,NA,NA,NA,NA,10000912,1
2020-10_south-west_BOSS,17,Physical,Substrate,NA,NA,NA,NA,NA,NA,NA,NA,NA,82001013,4
2020-10_south-west_BOSS,180,Physical,Substrate,NA,NA,NA,NA,NA,NA,NA,NA,NA,82001013,76
2020-10_south-west_BOSS,181,Biota,Sponges,NA,NA,NA,NA,NA,NA,NA,NA,NA,10000903,1
2020-10_south-west_BOSS,181,Physical,Substrate,NA,NA,NA,NA,NA,NA,NA,NA,NA,82001013,79
2020-10_south-west_BOSS,189,Biota,Sponges,NA,NA,NA,NA,NA,NA,NA,NA,NA,10000000,2
2020-10_south-west_BOSS,189,Physical,Substrate,NA,NA,NA,NA,NA,NA,NA,NA,NA,82001013,78
2020-10_south-west_BOSS,191,Biota,Sessile invertebrates,NA,NA,NA,NA,NA,NA,NA,NA,NA,99900044,1
2020-10_south-west_BOSS,191,Biota,Sponges,NA,NA,NA,NA,NA,NA,NA,NA,NA,10000912,6
2020-10_south-west_BOSS,191,Physical,Substrate,NA,NA,NA,NA,NA,NA,NA,NA,NA,82001013,65
2020-10_south-west_BOSS,192,Biota,Sessile invertebrates,NA,NA,NA,NA,NA,NA,NA,NA,NA,99900044,5
2020-10_south-west_BOSS,192,Biota,Sponges,NA,NA,NA,NA,NA,NA,NA,NA,NA,10000903,1
2020-10_south-west_BOSS,192,Biota,Sponges,NA,NA,NA,NA,NA,NA,NA,NA,NA,10000912,1
2020-10_south-west_BOSS,192,Physical,Substrate,NA,NA,NA,NA,NA,NA,NA,NA,NA,82001013,73
2020-10_south-west_BOSS,194,Biota,Sessile invertebrates,NA,NA,NA,NA,NA,NA,NA,NA,NA,99900044,2
2020-10_south-west_BOSS,194,Biota,Sponges,NA,NA,NA,NA,NA,NA,NA,NA,NA,10000000,2
2020-10_south-west_BOSS,194,Biota,Sponges,NA,NA,NA,NA,NA,NA,NA,NA,NA,10000903,1
2020-10_south-west_BOSS,194,Physical,Substrate,NA,NA,NA,NA,NA,NA,NA,NA,NA,82001013,75
2020-10_south-west_BOSS,195,Biota,Macroalgae,NA,NA,NA,NA,NA,NA,Lessoniaceae,Ecklonia,radiata,54079009,15
2020-10_south-west_BOSS,195,Biota,Macroalgae,NA,NA,NA,NA,NA,NA,NA,NA,NA,80300904,2
2020-10_south-west_BOSS,195,Biota,Macroalgae,NA,NA,NA,NA,NA,NA,NA,NA,NA,80300909,1
2020-10_south-west_BOSS,195,Biota,Macroalgae,NA,NA,NA,NA,NA,NA,NA,NA,NA,80300910,29
2020-10_south-west_BOSS,195,Biota,Seagrasses,NA,NA,NA,NA,NA,NA,Cymodoceaceae,Thalassodendron,spp,63618905,10
2020-10_south-west_BOSS,195,Biota,Sponges,NA,NA,NA,NA,NA,NA,NA,NA,NA,10000000,3
2020-10_south-west_BOSS,195,Physical,Substrate,NA,NA,NA,NA,NA,NA,NA,NA,NA,82001001,14
2020-10_south-west_BOSS,195,Physical,Substrate,NA,NA,NA,NA,NA,NA,NA,NA,NA,82001013,2
2020-10_south-west_BOSS,199,Biota,Macroalgae,NA,NA,NA,NA,NA,NA,Lessoniaceae,Ecklonia,radiata,54079009,1
2020-10_south-west_BOSS,199,Biota,Macroalgae,NA,NA,NA,NA,NA,NA,NA,NA,NA,80300909,2
2020-10_south-west_BOSS,199,Biota,Macroalgae,NA,NA,NA,NA,NA,NA,NA,NA,NA,80300910,43
2020-10_south-west_BOSS,199,Biota,Seagrasses,NA,NA,NA,NA,NA,NA,Cymodoceaceae,Thalassodendron,spp,63618905,4
2020-10_south-west_BOSS,199,Biota,Sponges,NA,NA,NA,NA,NA,NA,NA,NA,NA,10000000,2
2020-10_south-west_BOSS,199,Physical,Substrate,NA,NA,NA,NA,NA,NA,NA,NA,NA,82001001,19
2020-10_south-west_BOSS,199,Physical,Substrate,NA,NA,NA,NA,NA,NA,NA,NA,NA,82001013,6
2020-10_south-west_BOSS,201,Biota,Macroalgae,NA,NA,NA,NA,NA,NA,Lessoniaceae,Ecklonia,radiata,54079009,1
2020-10_south-west_BOSS,201,Biota,Macroalgae,NA,NA,NA,NA,NA,NA,NA,NA,NA,80300000,1
2020-10_south-west_BOSS,201,Biota,Macroalgae,NA,NA,NA,NA,NA,NA,NA,NA,NA,80300904,1
2020-10_south-west_BOSS,201,Biota,Macroalgae,NA,NA,NA,NA,NA,NA,NA,NA,NA,80300908,3
2020-10_south-west_BOSS,201,Biota,Macroalgae,NA,NA,NA,NA,NA,NA,NA,NA,NA,80300909,4
2020-10_south-west_BOSS,201,Biota,Macroalgae,NA,NA,NA,NA,NA,NA,NA,NA,NA,80300910,11
2020-10_south-west_BOSS,201,Biota,Sponges,NA,NA,NA,NA,NA,NA,NA,NA,NA,10000903,2
2020-10_south-west_BOSS,201,Physical,Substrate,NA,NA,NA,NA,NA,NA,NA,NA,NA,82001001,28
2020-10_south-west_BOSS,201,Physical,Substrate,NA,NA,NA,NA,NA,NA,NA,NA,NA,82001013,29
2020-10_south-west_BOSS,204,Biota,Macroalgae,NA,NA,NA,NA,NA,NA,NA,NA,NA,80300000,1
2020-10_south-west_BOSS,204,Biota,Sessile invertebrates,NA,NA,NA,NA,NA,NA,NA,NA,NA,99900044,2
2020-10_south-west_BOSS,204,Biota,Sponges,NA,NA,NA,NA,NA,NA,NA,NA,NA,10000903,2
2020-10_south-west_BOSS,204,Biota,Sponges,NA,NA,NA,NA,NA,NA,NA,NA,NA,10000912,3
2020-10_south-west_BOSS,204,Physical,Substrate,NA,NA,NA,NA,NA,NA,NA,NA,NA,82001001,2
2020-10_south-west_BOSS,204,Physical,Substrate,NA,NA,NA,NA,NA,NA,NA,NA,NA,82001013,43
2020-10_south-west_BOSS,206,Biota,Macroalgae,NA,NA,NA,NA,NA,NA,NA,NA,NA,80300904,1
2020-10_south-west_BOSS,206,Biota,Macroalgae,NA,NA,NA,NA,NA,NA,NA,NA,NA,80300910,1
2020-10_south-west_BOSS,206,Biota,Sponges,NA,NA,NA,NA,NA,NA,NA,NA,NA,10000000,1
2020-10_south-west_BOSS,206,Biota,Sponges,NA,NA,NA,NA,NA,NA,NA,NA,NA,10000903,1
2020-10_south-west_BOSS,206,Biota,Sponges,NA,NA,NA,NA,NA,NA,NA,NA,NA,10000912,1
2020-10_south-west_BOSS,206,Physical,Substrate,NA,NA,NA,NA,NA,NA,NA,NA,NA,82001001,8
2020-10_south-west_BOSS,206,Physical,Substrate,NA,NA,NA,NA,NA,NA,NA,NA,NA,82001013,66
2020-10_south-west_BOSS,207,Biota,Macroalgae,NA,NA,NA,NA,NA,NA,Lessoniaceae,Ecklonia,radiata,54079009,1
2020-10_south-west_BOSS,207,Biota,Macroalgae,NA,NA,NA,NA,NA,NA,NA,NA,NA,80300000,4
2020-10_south-west_BOSS,207,Biota,Macroalgae,NA,NA,NA,NA,NA,NA,NA,NA,NA,80300910,4
2020-10_south-west_BOSS,207,Biota,Sponges,NA,NA,NA,NA,NA,NA,NA,NA,NA,10000912,2
2020-10_south-west_BOSS,207,Physical,Substrate,NA,NA,NA,NA,NA,NA,NA,NA,NA,82001001,9
2020-10_south-west_BOSS,207,Physical,Substrate,NA,NA,NA,NA,NA,NA,NA,NA,NA,82001013,57
2020-10_south-west_BOSS,210,Biota,Macroalgae,NA,NA,NA,NA,NA,NA,Lessoniaceae,Ecklonia,radiata,54079009,9
2020-10_south-west_BOSS,210,Biota,Macroalgae,NA,NA,NA,NA,NA,NA,NA,NA,NA,80300904,1
2020-10_south-west_BOSS,210,Biota,Macroalgae,NA,NA,NA,NA,NA,NA,NA,NA,NA,80300909,1
2020-10_south-west_BOSS,210,Biota,Macroalgae,NA,NA,NA,NA,NA,NA,NA,NA,NA,80300910,26
2020-10_south-west_BOSS,210,Biota,Seagrasses,NA,NA,NA,NA,NA,NA,Cymodoceaceae,Thalassodendron,spp,63618905,15
2020-10_south-west_BOSS,210,Biota,Sponges,NA,NA,NA,NA,NA,NA,NA,NA,NA,10000000,4
2020-10_south-west_BOSS,210,Biota,Sponges,NA,NA,NA,NA,NA,NA,NA,NA,NA,10000903,1
2020-10_south-west_BOSS,210,Physical,Substrate,NA,NA,NA,NA,NA,NA,NA,NA,NA,82001001,13
2020-10_south-west_BOSS,210,Physical,Substrate,NA,NA,NA,NA,NA,NA,NA,NA,NA,82001013,9
2020-10_south-west_BOSS,215,Physical,Substrate,NA,NA,NA,NA,NA,NA,NA,NA,NA,82001013,79
2020-10_south-west_BOSS,216,Biota,Macroalgae,NA,NA,NA,NA,NA,NA,NA,NA,NA,80300904,4
2020-10_south-west_BOSS,216,Biota,Macroalgae,NA,NA,NA,NA,NA,NA,NA,NA,NA,80300910,12
2020-10_south-west_BOSS,216,Biota,Sponges,NA,NA,NA,NA,NA,NA,NA,NA,NA,10000000,4
2020-10_south-west_BOSS,216,Biota,Sponges,NA,NA,NA,NA,NA,NA,NA,NA,NA,10000903,7
2020-10_south-west_BOSS,216,Biota,Sponges,NA,NA,NA,NA,NA,NA,NA,NA,NA,10000912,2
2020-10_south-west_BOSS,216,Physical,Substrate,NA,NA,NA,NA,NA,NA,NA,NA,NA,82001001,17
2020-10_south-west_BOSS,216,Physical,Substrate,NA,NA,NA,NA,NA,NA,NA,NA,NA,82001013,34
2020-10_south-west_BOSS,217,Biota,Macroalgae,NA,NA,NA,NA,NA,NA,NA,NA,NA,80300000,2
2020-10_south-west_BOSS,217,Biota,Macroalgae,NA,NA,NA,NA,NA,NA,NA,NA,NA,80300904,10
2020-10_south-west_BOSS,217,Biota,Macroalgae,NA,NA,NA,NA,NA,NA,NA,NA,NA,80300910,1
2020-10_south-west_BOSS,217,Physical,Substrate,NA,NA,NA,NA,NA,NA,NA,NA,NA,82001001,6
2020-10_south-west_BOSS,217,Physical,Substrate,NA,NA,NA,NA,NA,NA,NA,NA,NA,82001013,61
2020-10_south-west_BOSS,218,Biota,Macroalgae,NA,NA,NA,NA,NA,NA,NA,NA,NA,80300910,1
2020-10_south-west_BOSS,218,Physical,Substrate,NA,NA,NA,NA,NA,NA,NA,NA,NA,82001001,18
2020-10_south-west_BOSS,218,Physical,Substrate,NA,NA,NA,NA,NA,NA,NA,NA,NA,82001013,61
2020-10_south-west_BOSS,220,Biota,Macroalgae,NA,NA,NA,NA,NA,NA,Lessoniaceae,Ecklonia,radiata,54079009,14
2020-10_south-west_BOSS,220,Biota,Macroalgae,NA,NA,NA,NA,NA,NA,Seirococcaceae,Scytothalia,dorycarpa,54102005,19
2020-10_south-west_BOSS,220,Biota,Macroalgae,NA,NA,NA,NA,NA,NA,NA,NA,NA,80300000,4
2020-10_south-west_BOSS,220,Biota,Macroalgae,NA,NA,NA,NA,NA,NA,NA,NA,NA,80300904,19
2020-10_south-west_BOSS,220,Biota,Macroalgae,NA,NA,NA,NA,NA,NA,NA,NA,NA,80300910,6
2020-10_south-west_BOSS,220,Physical,Substrate,NA,NA,NA,NA,NA,NA,NA,NA,NA,82001001,10
2020-10_south-west_BOSS,220,Physical,Substrate,NA,NA,NA,NA,NA,NA,NA,NA,NA,82001013,6
2020-10_south-west_BOSS,222,Biota,Macroalgae,NA,NA,NA,NA,NA,NA,Lessoniaceae,Ecklonia,radiata,54079009,2
2020-10_south-west_BOSS,222,Biota,Macroalgae,NA,NA,NA,NA,NA,NA,NA,NA,NA,80300904,3
2020-10_south-west_BOSS,222,Biota,Macroalgae,NA,NA,NA,NA,NA,NA,NA,NA,NA,80300910,17
2020-10_south-west_BOSS,222,Biota,Sponges,NA,NA,NA,NA,NA,NA,NA,NA,NA,10000903,3
2020-10_south-west_BOSS,222,Biota,Sponges,NA,NA,NA,NA,NA,NA,NA,NA,NA,10000912,1
2020-10_south-west_BOSS,222,Physical,Substrate,NA,NA,NA,NA,NA,NA,NA,NA,NA,82001001,48
2020-10_south-west_BOSS,222,Physical,Substrate,NA,NA,NA,NA,NA,NA,NA,NA,NA,82001013,4
2020-10_south-west_BOSS,223,Biota,Macroalgae,NA,NA,NA,NA,NA,NA,NA,NA,NA,80300905,1
2020-10_south-west_BOSS,223,Biota,Macroalgae,NA,NA,NA,NA,NA,NA,NA,NA,NA,80300909,3
2020-10_south-west_BOSS,223,Biota,Macroalgae,NA,NA,NA,NA,NA,NA,NA,NA,NA,80300910,8
2020-10_south-west_BOSS,223,Biota,Seagrasses,NA,NA,NA,NA,NA,NA,Cymodoceaceae,Thalassodendron,spp,63618905,8
2020-10_south-west_BOSS,223,Biota,Sponges,NA,NA,NA,NA,NA,NA,NA,NA,NA,10000000,2
2020-10_south-west_BOSS,223,Biota,Sponges,NA,NA,NA,NA,NA,NA,NA,NA,NA,10000903,5
2020-10_south-west_BOSS,223,Physical,Substrate,NA,NA,NA,NA,NA,NA,NA,NA,NA,82001001,18
2020-10_south-west_BOSS,223,Physical,Substrate,NA,NA,NA,NA,NA,NA,NA,NA,NA,82001013,33
2020-10_south-west_BOSS,224,Biota,Macroalgae,NA,NA,NA,NA,NA,NA,NA,NA,NA,80300000,1
2020-10_south-west_BOSS,224,Biota,Macroalgae,NA,NA,NA,NA,NA,NA,NA,NA,NA,80300904,5
2020-10_south-west_BOSS,224,Biota,Macroalgae,NA,NA,NA,NA,NA,NA,NA,NA,NA,80300909,1
2020-10_south-west_BOSS,224,Biota,Macroalgae,NA,NA,NA,NA,NA,NA,NA,NA,NA,80300910,16
2020-10_south-west_BOSS,224,Biota,Seagrasses,NA,NA,NA,NA,NA,NA,Cymodoceaceae,Thalassodendron,spp,63618905,3
2020-10_south-west_BOSS,224,Biota,Sponges,NA,NA,NA,NA,NA,NA,NA,NA,NA,10000903,1
2020-10_south-west_BOSS,224,Physical,Substrate,NA,NA,NA,NA,NA,NA,NA,NA,NA,82001001,31
2020-10_south-west_BOSS,224,Physical,Substrate,NA,NA,NA,NA,NA,NA,NA,NA,NA,82001013,22
2020-10_south-west_BOSS,225,Biota,Cnidaria,NA,NA,NA,NA,NA,NA,NA,NA,NA,11001000,1
2020-10_south-west_BOSS,225,Biota,Macroalgae,NA,NA,NA,NA,NA,NA,NA,NA,NA,80300904,1
2020-10_south-west_BOSS,225,Biota,Macroalgae,NA,NA,NA,NA,NA,NA,NA,NA,NA,80300909,1
2020-10_south-west_BOSS,225,Biota,Macroalgae,NA,NA,NA,NA,NA,NA,NA,NA,NA,80300910,53
2020-10_south-west_BOSS,225,Biota,Sponges,NA,NA,NA,NA,NA,NA,NA,NA,NA,10000903,1
2020-10_south-west_BOSS,225,Physical,Substrate,NA,NA,NA,NA,NA,NA,NA,NA,NA,82001001,14
2020-10_south-west_BOSS,225,Physical,Substrate,NA,NA,NA,NA,NA,NA,NA,NA,NA,82001013,9
2020-10_south-west_BOSS,226,Biota,Macroalgae,NA,NA,NA,NA,NA,NA,Lessoniaceae,Ecklonia,radiata,54079009,14
2020-10_south-west_BOSS,226,Biota,Macroalgae,NA,NA,NA,NA,NA,NA,NA,NA,NA,80300000,1
2020-10_south-west_BOSS,226,Biota,Macroalgae,NA,NA,NA,NA,NA,NA,NA,NA,NA,80300910,29
2020-10_south-west_BOSS,226,Biota,Seagrasses,NA,NA,NA,NA,NA,NA,Cymodoceaceae,Thalassodendron,spp,63618905,4
2020-10_south-west_BOSS,226,Biota,Sponges,NA,NA,NA,NA,NA,NA,NA,NA,NA,10000000,2
2020-10_south-west_BOSS,226,Physical,Substrate,NA,NA,NA,NA,NA,NA,NA,NA,NA,82001001,14
2020-10_south-west_BOSS,226,Physical,Substrate,NA,NA,NA,NA,NA,NA,NA,NA,NA,82001013,10
2020-10_south-west_BOSS,227,Biota,Macroalgae,NA,NA,NA,NA,NA,NA,Lessoniaceae,Ecklonia,radiata,54079009,22
2020-10_south-west_BOSS,227,Biota,Macroalgae,NA,NA,NA,NA,NA,NA,NA,NA,NA,80300000,4
2020-10_south-west_BOSS,227,Biota,Macroalgae,NA,NA,NA,NA,NA,NA,NA,NA,NA,80300909,2
2020-10_south-west_BOSS,227,Biota,Macroalgae,NA,NA,NA,NA,NA,NA,NA,NA,NA,80300910,5
2020-10_south-west_BOSS,227,Biota,Sponges,NA,NA,NA,NA,NA,NA,NA,NA,NA,10000903,1
2020-10_south-west_BOSS,227,Physical,Substrate,NA,NA,NA,NA,NA,NA,NA,NA,NA,82001001,37
2020-10_south-west_BOSS,227,Physical,Substrate,NA,NA,NA,NA,NA,NA,NA,NA,NA,82001013,8
2020-10_south-west_BOSS,228,Biota,Macroalgae,NA,NA,NA,NA,NA,NA,Lessoniaceae,Ecklonia,radiata,54079009,3
2020-10_south-west_BOSS,228,Biota,Macroalgae,NA,NA,NA,NA,NA,NA,NA,NA,NA,80300910,23
2020-10_south-west_BOSS,228,Biota,Seagrasses,NA,NA,NA,NA,NA,NA,Cymodoceaceae,Thalassodendron,spp,63618905,2
2020-10_south-west_BOSS,228,Biota,Sponges,NA,NA,NA,NA,NA,NA,NA,NA,NA,10000000,3
2020-10_south-west_BOSS,228,Biota,Sponges,NA,NA,NA,NA,NA,NA,NA,NA,NA,10000903,1
2020-10_south-west_BOSS,228,Biota,Sponges,NA,NA,NA,NA,NA,NA,NA,NA,NA,10000912,1
2020-10_south-west_BOSS,228,Physical,Substrate,NA,NA,NA,NA,NA,NA,NA,NA,NA,82001001,43
2020-10_south-west_BOSS,228,Physical,Substrate,NA,NA,NA,NA,NA,NA,NA,NA,NA,82001013,1
2020-10_south-west_BOSS,229,Biota,Macroalgae,NA,NA,NA,NA,NA,NA,Lessoniaceae,Ecklonia,radiata,54079009,8
2020-10_south-west_BOSS,229,Biota,Macroalgae,NA,NA,NA,NA,NA,NA,NA,NA,NA,80300909,2
2020-10_south-west_BOSS,229,Biota,Macroalgae,NA,NA,NA,NA,NA,NA,NA,NA,NA,80300910,3
2020-10_south-west_BOSS,229,Biota,Macroalgae,NA,NA,NA,NA,NA,NA,NA,NA,NA,80300930,1
2020-10_south-west_BOSS,229,Biota,Sponges,NA,NA,NA,NA,NA,NA,NA,NA,NA,10000000,2
2020-10_south-west_BOSS,229,Biota,Sponges,NA,NA,NA,NA,NA,NA,NA,NA,NA,10000903,5
2020-10_south-west_BOSS,229,Biota,Sponges,NA,NA,NA,NA,NA,NA,NA,NA,NA,10000912,2
2020-10_south-west_BOSS,229,Physical,Substrate,NA,NA,NA,NA,NA,NA,NA,NA,NA,82001001,51
2020-10_south-west_BOSS,229,Physical,Substrate,NA,NA,NA,NA,NA,NA,NA,NA,NA,82001013,1
2020-10_south-west_BOSS,235,Biota,Bryozoa,NA,NA,NA,NA,NA,NA,NA,NA,NA,20000000,1
2020-10_south-west_BOSS,235,Biota,Macroalgae,NA,NA,NA,NA,NA,NA,Lessoniaceae,Ecklonia,radiata,54079009,1
2020-10_south-west_BOSS,235,Biota,Macroalgae,NA,NA,NA,NA,NA,NA,NA,NA,NA,80300909,1
2020-10_south-west_BOSS,235,Biota,Macroalgae,NA,NA,NA,NA,NA,NA,NA,NA,NA,80300910,9
2020-10_south-west_BOSS,235,Biota,Macroalgae,NA,NA,NA,NA,NA,NA,NA,NA,NA,80300930,2
2020-10_south-west_BOSS,235,Biota,Seagrasses,NA,NA,NA,NA,NA,NA,Cymodoceaceae,Thalassodendron,spp,63618905,2
2020-10_south-west_BOSS,235,Biota,Sponges,NA,NA,NA,NA,NA,NA,NA,NA,NA,10000000,10
2020-10_south-west_BOSS,235,Biota,Sponges,NA,NA,NA,NA,NA,NA,NA,NA,NA,10000903,3
2020-10_south-west_BOSS,235,Biota,Sponges,NA,NA,NA,NA,NA,NA,NA,NA,NA,10000912,3
2020-10_south-west_BOSS,235,Physical,Substrate,NA,NA,NA,NA,NA,NA,NA,NA,NA,82001001,11
2020-10_south-west_BOSS,235,Physical,Substrate,NA,NA,NA,NA,NA,NA,NA,NA,NA,82001013,30
2020-10_south-west_BOSS,235REDO,Biota,Macroalgae,NA,NA,NA,NA,NA,NA,NA,NA,NA,80300910,11
2020-10_south-west_BOSS,235REDO,Physical,Substrate,NA,NA,NA,NA,NA,NA,NA,NA,NA,82001013,69
2020-10_south-west_BOSS,236,Biota,Macroalgae,NA,NA,NA,NA,NA,NA,NA,NA,NA,80300000,3
2020-10_south-west_BOSS,236,Biota,Macroalgae,NA,NA,NA,NA,NA,NA,NA,NA,NA,80300904,7
2020-10_south-west_BOSS,236,Biota,Macroalgae,NA,NA,NA,NA,NA,NA,NA,NA,NA,80300906,2
2020-10_south-west_BOSS,236,Biota,Macroalgae,NA,NA,NA,NA,NA,NA,NA,NA,NA,80300910,44
2020-10_south-west_BOSS,236,Physical,Substrate,NA,NA,NA,NA,NA,NA,NA,NA,NA,82001001,1
2020-10_south-west_BOSS,236,Physical,Substrate,NA,NA,NA,NA,NA,NA,NA,NA,NA,82001013,23
2020-10_south-west_BOSS,237,Physical,Substrate,NA,NA,NA,NA,NA,NA,NA,NA,NA,82001013,80
2020-10_south-west_BOSS,239,Physical,Substrate,NA,NA,NA,NA,NA,NA,NA,NA,NA,82001013,76
2020-10_south-west_BOSS,241,Biota,Macroalgae,NA,NA,NA,NA,NA,NA,Lessoniaceae,Ecklonia,radiata,54079009,5
2020-10_south-west_BOSS,241,Biota,Macroalgae,NA,NA,NA,NA,NA,NA,NA,NA,NA,80300000,5
2020-10_south-west_BOSS,241,Biota,Macroalgae,NA,NA,NA,NA,NA,NA,NA,NA,NA,80300909,3
2020-10_south-west_BOSS,241,Biota,Macroalgae,NA,NA,NA,NA,NA,NA,NA,NA,NA,80300910,14
2020-10_south-west_BOSS,241,Biota,Macroalgae,NA,NA,NA,NA,NA,NA,NA,NA,NA,80300930,1
2020-10_south-west_BOSS,241,Biota,Sponges,NA,NA,NA,NA,NA,NA,NA,NA,NA,10000903,2
2020-10_south-west_BOSS,241,Biota,Sponges,NA,NA,NA,NA,NA,NA,NA,NA,NA,10000912,6
2020-10_south-west_BOSS,241,Physical,Substrate,NA,NA,NA,NA,NA,NA,NA,NA,NA,82001001,39
2020-10_south-west_BOSS,241,Physical,Substrate,NA,NA,NA,NA,NA,NA,NA,NA,NA,82001013,2
2020-10_south-west_BOSS,244,Biota,Macroalgae,NA,NA,NA,NA,NA,NA,Lessoniaceae,Ecklonia,radiata,54079009,2
2020-10_south-west_BOSS,244,Biota,Macroalgae,NA,NA,NA,NA,NA,NA,NA,NA,NA,80300904,6
2020-10_south-west_BOSS,244,Biota,Macroalgae,NA,NA,NA,NA,NA,NA,NA,NA,NA,80300910,12
2020-10_south-west_BOSS,244,Biota,Sponges,NA,NA,NA,NA,NA,NA,NA,NA,NA,10000000,7
2020-10_south-west_BOSS,244,Biota,Sponges,NA,NA,NA,NA,NA,NA,NA,NA,NA,10000903,5
2020-10_south-west_BOSS,244,Biota,Sponges,NA,NA,NA,NA,NA,NA,NA,NA,NA,10000912,1
2020-10_south-west_BOSS,244,Physical,Substrate,NA,NA,NA,NA,NA,NA,NA,NA,NA,82001001,10
2020-10_south-west_BOSS,244,Physical,Substrate,NA,NA,NA,NA,NA,NA,NA,NA,NA,82001013,27
2020-10_south-west_BOSS,245,Biota,Macroalgae,NA,NA,NA,NA,NA,NA,NA,NA,NA,80300000,2
2020-10_south-west_BOSS,245,Biota,Macroalgae,NA,NA,NA,NA,NA,NA,NA,NA,NA,80300904,3
2020-10_south-west_BOSS,245,Biota,Macroalgae,NA,NA,NA,NA,NA,NA,NA,NA,NA,80300905,1
2020-10_south-west_BOSS,245,Biota,Macroalgae,NA,NA,NA,NA,NA,NA,NA,NA,NA,80300910,15
2020-10_south-west_BOSS,245,Biota,Seagrasses,NA,NA,NA,NA,NA,NA,Cymodoceaceae,Thalassodendron,spp,63618905,1
2020-10_south-west_BOSS,245,Biota,Sponges,NA,NA,NA,NA,NA,NA,NA,NA,NA,10000000,4
2020-10_south-west_BOSS,245,Biota,Sponges,NA,NA,NA,NA,NA,NA,NA,NA,NA,10000903,1
2020-10_south-west_BOSS,245,Physical,Substrate,NA,NA,NA,NA,NA,NA,NA,NA,NA,82001001,18
2020-10_south-west_BOSS,245,Physical,Substrate,NA,NA,NA,NA,NA,NA,NA,NA,NA,82001013,30
2020-10_south-west_BOSS,247,Biota,Cnidaria,NA,NA,NA,NA,NA,NA,NA,NA,NA,11001000,1
2020-10_south-west_BOSS,247,Biota,Sessile invertebrates,NA,NA,NA,NA,NA,NA,NA,NA,NA,99900044,3
2020-10_south-west_BOSS,247,Biota,Sponges,NA,NA,NA,NA,NA,NA,NA,NA,NA,10000903,2
2020-10_south-west_BOSS,247,Biota,Sponges,NA,NA,NA,NA,NA,NA,NA,NA,NA,10000912,5
2020-10_south-west_BOSS,247,Physical,Substrate,NA,NA,NA,NA,NA,NA,NA,NA,NA,82001013,40
2020-10_south-west_BOSS,248,Biota,Sessile invertebrates,NA,NA,NA,NA,NA,NA,NA,NA,NA,99900044,1
2020-10_south-west_BOSS,248,Biota,Sponges,NA,NA,NA,NA,NA,NA,NA,NA,NA,10000000,6
2020-10_south-west_BOSS,248,Biota,Sponges,NA,NA,NA,NA,NA,NA,NA,NA,NA,10000903,1
2020-10_south-west_BOSS,248,Biota,Sponges,NA,NA,NA,NA,NA,NA,NA,NA,NA,10000912,2
2020-10_south-west_BOSS,248,Physical,Substrate,NA,NA,NA,NA,NA,NA,NA,NA,NA,82001013,38
2020-10_south-west_BOSS,250,Physical,Substrate,NA,NA,NA,NA,NA,NA,NA,NA,NA,82001013,80
2020-10_south-west_BOSS,251,Biota,Cnidaria,NA,NA,NA,NA,NA,NA,NA,NA,NA,11001000,1
2020-10_south-west_BOSS,251,Biota,Sessile invertebrates,NA,NA,NA,NA,NA,NA,NA,NA,NA,99900044,4
2020-10_south-west_BOSS,251,Biota,Sponges,NA,NA,NA,NA,NA,NA,NA,NA,NA,10000903,1
2020-10_south-west_BOSS,251,Biota,Sponges,NA,NA,NA,NA,NA,NA,NA,NA,NA,10000912,1
2020-10_south-west_BOSS,251,Physical,Substrate,NA,NA,NA,NA,NA,NA,NA,NA,NA,82001013,73
2020-10_south-west_BOSS,252,Biota,Sessile invertebrates,NA,NA,NA,NA,NA,NA,NA,NA,NA,99900044,2
2020-10_south-west_BOSS,252,Biota,Sponges,NA,NA,NA,NA,NA,NA,NA,NA,NA,10000912,1
2020-10_south-west_BOSS,252,Physical,Substrate,NA,NA,NA,NA,NA,NA,NA,NA,NA,82001013,77
2020-10_south-west_BOSS,253,Physical,Substrate,NA,NA,NA,NA,NA,NA,NA,NA,NA,82001013,79
2020-10_south-west_BOSS,254,Biota,Sessile invertebrates,NA,NA,NA,NA,NA,NA,NA,NA,NA,99900044,2
2020-10_south-west_BOSS,254,Physical,Substrate,NA,NA,NA,NA,NA,NA,NA,NA,NA,82001013,77
2020-10_south-west_BOSS,258,Biota,Macroalgae,NA,NA,NA,NA,NA,NA,NA,NA,NA,80300000,1
2020-10_south-west_BOSS,258,Biota,Macroalgae,NA,NA,NA,NA,NA,NA,NA,NA,NA,80300910,27
2020-10_south-west_BOSS,258,Biota,Seagrasses,NA,NA,NA,NA,NA,NA,Cymodoceaceae,Thalassodendron,spp,63618905,8
2020-10_south-west_BOSS,258,Biota,Sponges,NA,NA,NA,NA,NA,NA,NA,NA,NA,10000000,12
2020-10_south-west_BOSS,258,Biota,Sponges,NA,NA,NA,NA,NA,NA,NA,NA,NA,10000903,3
2020-10_south-west_BOSS,258,Biota,Sponges,NA,NA,NA,NA,NA,NA,NA,NA,NA,10000912,8
2020-10_south-west_BOSS,258,Physical,Substrate,NA,NA,NA,NA,NA,NA,NA,NA,NA,82001001,15
2020-10_south-west_BOSS,258,Physical,Substrate,NA,NA,NA,NA,NA,NA,NA,NA,NA,82001013,1
2020-10_south-west_BOSS,259,Biota,Macroalgae,NA,NA,NA,NA,NA,NA,NA,NA,NA,80300909,3
2020-10_south-west_BOSS,259,Biota,Macroalgae,NA,NA,NA,NA,NA,NA,NA,NA,NA,80300910,7
2020-10_south-west_BOSS,259,Biota,Seagrasses,NA,NA,NA,NA,NA,NA,Cymodoceaceae,Thalassodendron,spp,63618905,2
2020-10_south-west_BOSS,259,Biota,Sponges,NA,NA,NA,NA,NA,NA,NA,NA,NA,10000000,4
2020-10_south-west_BOSS,259,Biota,Sponges,NA,NA,NA,NA,NA,NA,NA,NA,NA,10000903,23
2020-10_south-west_BOSS,259,Biota,Sponges,NA,NA,NA,NA,NA,NA,NA,NA,NA,10000912,3
2020-10_south-west_BOSS,259,Physical,Substrate,NA,NA,NA,NA,NA,NA,NA,NA,NA,82001001,26
2020-10_south-west_BOSS,259,Physical,Substrate,NA,NA,NA,NA,NA,NA,NA,NA,NA,82001013,3
2020-10_south-west_BOSS,260,Biota,Macroalgae,NA,NA,NA,NA,NA,NA,NA,NA,NA,80300910,12
2020-10_south-west_BOSS,260,Biota,Seagrasses,NA,NA,NA,NA,NA,NA,Cymodoceaceae,Thalassodendron,spp,63618905,5
2020-10_south-west_BOSS,260,Biota,Sponges,NA,NA,NA,NA,NA,NA,NA,NA,NA,10000000,2
2020-10_south-west_BOSS,260,Biota,Sponges,NA,NA,NA,NA,NA,NA,NA,NA,NA,10000903,3
2020-10_south-west_BOSS,260,Biota,Sponges,NA,NA,NA,NA,NA,NA,NA,NA,NA,10000912,1
2020-10_south-west_BOSS,260,Physical,Substrate,NA,NA,NA,NA,NA,NA,NA,NA,NA,82001001,39
2020-10_south-west_BOSS,260,Physical,Substrate,NA,NA,NA,NA,NA,NA,NA,NA,NA,82001013,15
2020-10_south-west_BOSS,261,Biota,Macroalgae,NA,NA,NA,NA,NA,NA,NA,NA,NA,80300000,3
2020-10_south-west_BOSS,261,Biota,Macroalgae,NA,NA,NA,NA,NA,NA,NA,NA,NA,80300909,1
2020-10_south-west_BOSS,261,Biota,Macroalgae,NA,NA,NA,NA,NA,NA,NA,NA,NA,80300910,10
2020-10_south-west_BOSS,261,Biota,Sessile invertebrates,NA,NA,NA,NA,NA,NA,NA,NA,NA,99900044,1
2020-10_south-west_BOSS,261,Biota,Sponges,NA,NA,NA,NA,NA,NA,NA,NA,NA,10000000,14
2020-10_south-west_BOSS,261,Biota,Sponges,NA,NA,NA,NA,NA,NA,NA,NA,NA,10000903,12
2020-10_south-west_BOSS,261,Biota,Sponges,NA,NA,NA,NA,NA,NA,NA,NA,NA,10000912,5
2020-10_south-west_BOSS,261,Physical,Substrate,NA,NA,NA,NA,NA,NA,NA,NA,NA,82001001,15
2020-10_south-west_BOSS,261,Physical,Substrate,NA,NA,NA,NA,NA,NA,NA,NA,NA,82001013,17
2020-10_south-west_BOSS,262,Biota,Macroalgae,NA,NA,NA,NA,NA,NA,Lessoniaceae,Ecklonia,radiata,54079009,1
2020-10_south-west_BOSS,262,Biota,Macroalgae,NA,NA,NA,NA,NA,NA,NA,NA,NA,80300904,3
2020-10_south-west_BOSS,262,Biota,Macroalgae,NA,NA,NA,NA,NA,NA,NA,NA,NA,80300908,1
2020-10_south-west_BOSS,262,Biota,Macroalgae,NA,NA,NA,NA,NA,NA,NA,NA,NA,80300910,38
2020-10_south-west_BOSS,262,Biota,Seagrasses,NA,NA,NA,NA,NA,NA,Cymodoceaceae,Thalassodendron,spp,63618905,5
2020-10_south-west_BOSS,262,Biota,Sponges,NA,NA,NA,NA,NA,NA,NA,NA,NA,10000000,2
2020-10_south-west_BOSS,262,Physical,Substrate,NA,NA,NA,NA,NA,NA,NA,NA,NA,82001001,13
2020-10_south-west_BOSS,262,Physical,Substrate,NA,NA,NA,NA,NA,NA,NA,NA,NA,82001013,8
2020-10_south-west_BOSS,263,Biota,Macroalgae,NA,NA,NA,NA,NA,NA,NA,NA,NA,80300000,2
2020-10_south-west_BOSS,263,Biota,Macroalgae,NA,NA,NA,NA,NA,NA,NA,NA,NA,80300909,4
2020-10_south-west_BOSS,263,Biota,Macroalgae,NA,NA,NA,NA,NA,NA,NA,NA,NA,80300910,39
2020-10_south-west_BOSS,263,Biota,Seagrasses,NA,NA,NA,NA,NA,NA,Cymodoceaceae,Thalassodendron,spp,63618905,20
2020-10_south-west_BOSS,263,Biota,Sponges,NA,NA,NA,NA,NA,NA,NA,NA,NA,10000000,2
2020-10_south-west_BOSS,263,Physical,Substrate,NA,NA,NA,NA,NA,NA,NA,NA,NA,82001001,10
2020-10_south-west_BOSS,263,Physical,Substrate,NA,NA,NA,NA,NA,NA,NA,NA,NA,82001013,2
2020-10_south-west_BOSS,264,Biota,Macroalgae,NA,NA,NA,NA,NA,NA,NA,NA,NA,80300904,1
2020-10_south-west_BOSS,264,Biota,Macroalgae,NA,NA,NA,NA,NA,NA,NA,NA,NA,80300910,11
2020-10_south-west_BOSS,264,Biota,Macroalgae,NA,NA,NA,NA,NA,NA,NA,NA,NA,80300930,1
2020-10_south-west_BOSS,264,Biota,Seagrasses,NA,NA,NA,NA,NA,NA,Cymodoceaceae,Thalassodendron,spp,63618905,7
2020-10_south-west_BOSS,264,Biota,Sponges,NA,NA,NA,NA,NA,NA,NA,NA,NA,10000000,1
2020-10_south-west_BOSS,264,Biota,Sponges,NA,NA,NA,NA,NA,NA,NA,NA,NA,10000903,5
2020-10_south-west_BOSS,264,Physical,Substrate,NA,NA,NA,NA,NA,NA,NA,NA,NA,82001001,38
2020-10_south-west_BOSS,264,Physical,Substrate,NA,NA,NA,NA,NA,NA,NA,NA,NA,82001013,14
2020-10_south-west_BOSS,265,Biota,Sessile invertebrates,NA,NA,NA,NA,NA,NA,NA,NA,NA,99900044,11
2020-10_south-west_BOSS,265,Biota,Sponges,NA,NA,NA,NA,NA,NA,NA,NA,NA,10000903,3
2020-10_south-west_BOSS,265,Biota,Sponges,NA,NA,NA,NA,NA,NA,NA,NA,NA,10000912,4
2020-10_south-west_BOSS,265,Physical,Substrate,NA,NA,NA,NA,NA,NA,NA,NA,NA,82001013,61
2020-10_south-west_BOSS,266,Biota,Bryozoa,NA,NA,NA,NA,NA,NA,NA,NA,NA,20000000,2
2020-10_south-west_BOSS,266,Biota,Sessile invertebrates,NA,NA,NA,NA,NA,NA,NA,NA,NA,99900044,5
2020-10_south-west_BOSS,266,Biota,Sponges,NA,NA,NA,NA,NA,NA,NA,NA,NA,10000903,4
2020-10_south-west_BOSS,266,Biota,Sponges,NA,NA,NA,NA,NA,NA,NA,NA,NA,10000912,2
2020-10_south-west_BOSS,266,Physical,Substrate,NA,NA,NA,NA,NA,NA,NA,NA,NA,82001001,5
2020-10_south-west_BOSS,266,Physical,Substrate,NA,NA,NA,NA,NA,NA,NA,NA,NA,82001013,59
2020-10_south-west_BOSS,267,Biota,Macroalgae,NA,NA,NA,NA,NA,NA,NA,NA,NA,80300909,3
2020-10_south-west_BOSS,267,Biota,Macroalgae,NA,NA,NA,NA,NA,NA,NA,NA,NA,80300910,2
2020-10_south-west_BOSS,267,Biota,Sessile invertebrates,NA,NA,NA,NA,NA,NA,NA,NA,NA,99900044,1
2020-10_south-west_BOSS,267,Biota,Sponges,NA,NA,NA,NA,NA,NA,NA,NA,NA,10000903,3
2020-10_south-west_BOSS,267,Physical,Substrate,NA,NA,NA,NA,NA,NA,NA,NA,NA,82001001,5
2020-10_south-west_BOSS,267,Physical,Substrate,NA,NA,NA,NA,NA,NA,NA,NA,NA,82001013,59
2020-10_south-west_BOSS,269,Biota,Macroalgae,NA,NA,NA,NA,NA,NA,Lessoniaceae,Ecklonia,radiata,54079009,4
2020-10_south-west_BOSS,269,Biota,Macroalgae,NA,NA,NA,NA,NA,NA,NA,NA,NA,80300000,3
2020-10_south-west_BOSS,269,Biota,Macroalgae,NA,NA,NA,NA,NA,NA,NA,NA,NA,80300904,4
2020-10_south-west_BOSS,269,Biota,Macroalgae,NA,NA,NA,NA,NA,NA,NA,NA,NA,80300906,4
2020-10_south-west_BOSS,269,Biota,Macroalgae,NA,NA,NA,NA,NA,NA,NA,NA,NA,80300909,9
2020-10_south-west_BOSS,269,Biota,Macroalgae,NA,NA,NA,NA,NA,NA,NA,NA,NA,80300910,14
2020-10_south-west_BOSS,269,Biota,Sponges,NA,NA,NA,NA,NA,NA,NA,NA,NA,10000000,2
2020-10_south-west_BOSS,269,Biota,Sponges,NA,NA,NA,NA,NA,NA,NA,NA,NA,10000903,6
2020-10_south-west_BOSS,269,Biota,Sponges,NA,NA,NA,NA,NA,NA,NA,NA,NA,10000912,2
2020-10_south-west_BOSS,269,Physical,Substrate,NA,NA,NA,NA,NA,NA,NA,NA,NA,82001001,25
2020-10_south-west_BOSS,269,Physical,Substrate,NA,NA,NA,NA,NA,NA,NA,NA,NA,82001013,5
2020-10_south-west_BOSS,272,Biota,Macroalgae,NA,NA,NA,NA,NA,NA,Lessoniaceae,Ecklonia,radiata,54079009,18
2020-10_south-west_BOSS,272,Biota,Macroalgae,NA,NA,NA,NA,NA,NA,NA,NA,NA,80300000,1
2020-10_south-west_BOSS,272,Biota,Macroalgae,NA,NA,NA,NA,NA,NA,NA,NA,NA,80300904,3
2020-10_south-west_BOSS,272,Biota,Macroalgae,NA,NA,NA,NA,NA,NA,NA,NA,NA,80300910,21
2020-10_south-west_BOSS,272,Biota,Sponges,NA,NA,NA,NA,NA,NA,NA,NA,NA,10000000,4
2020-10_south-west_BOSS,272,Biota,Sponges,NA,NA,NA,NA,NA,NA,NA,NA,NA,10000903,3
2020-10_south-west_BOSS,272,Physical,Substrate,NA,NA,NA,NA,NA,NA,NA,NA,NA,82001001,10
2020-10_south-west_BOSS,272,Physical,Substrate,NA,NA,NA,NA,NA,NA,NA,NA,NA,82001013,16
2020-10_south-west_BOSS,273,Biota,Bryozoa,NA,NA,NA,NA,NA,NA,NA,NA,NA,20000000,1
2020-10_south-west_BOSS,273,Biota,Macroalgae,NA,NA,NA,NA,NA,NA,NA,NA,NA,80300904,1
2020-10_south-west_BOSS,273,Biota,Macroalgae,NA,NA,NA,NA,NA,NA,NA,NA,NA,80300906,5
2020-10_south-west_BOSS,273,Biota,Macroalgae,NA,NA,NA,NA,NA,NA,NA,NA,NA,80300909,1
2020-10_south-west_BOSS,273,Biota,Macroalgae,NA,NA,NA,NA,NA,NA,NA,NA,NA,80300910,32
2020-10_south-west_BOSS,273,Biota,Seagrasses,NA,NA,NA,NA,NA,NA,Cymodoceaceae,Thalassodendron,spp,63618905,1
2020-10_south-west_BOSS,273,Biota,Sponges,NA,NA,NA,NA,NA,NA,NA,NA,NA,10000000,2
2020-10_south-west_BOSS,273,Biota,Sponges,NA,NA,NA,NA,NA,NA,NA,NA,NA,10000903,3
2020-10_south-west_BOSS,273,Physical,Substrate,NA,NA,NA,NA,NA,NA,NA,NA,NA,82001001,26
2020-10_south-west_BOSS,273,Physical,Substrate,NA,NA,NA,NA,NA,NA,NA,NA,NA,82001012,1
2020-10_south-west_BOSS,273,Physical,Substrate,NA,NA,NA,NA,NA,NA,NA,NA,NA,82001013,3
2020-10_south-west_BOSS,274,Biota,Bryozoa,NA,NA,NA,NA,NA,NA,NA,NA,NA,20000000,1
2020-10_south-west_BOSS,274,Biota,Sessile invertebrates,NA,NA,NA,NA,NA,NA,NA,NA,NA,99900044,4
2020-10_south-west_BOSS,274,Biota,Sponges,NA,NA,NA,NA,NA,NA,NA,NA,NA,10000000,2
2020-10_south-west_BOSS,274,Biota,Sponges,NA,NA,NA,NA,NA,NA,NA,NA,NA,10000912,1
2020-10_south-west_BOSS,274,Physical,Substrate,NA,NA,NA,NA,NA,NA,NA,NA,NA,82001013,49
2020-10_south-west_BOSS,275,Biota,Bryozoa,NA,NA,NA,NA,NA,NA,NA,NA,NA,20000000,1
2020-10_south-west_BOSS,275,Biota,Sessile invertebrates,NA,NA,NA,NA,NA,NA,NA,NA,NA,99900044,6
2020-10_south-west_BOSS,275,Biota,Sponges,NA,NA,NA,NA,NA,NA,NA,NA,NA,10000903,1
2020-10_south-west_BOSS,275,Biota,Sponges,NA,NA,NA,NA,NA,NA,NA,NA,NA,10000912,1
2020-10_south-west_BOSS,275,Physical,Substrate,NA,NA,NA,NA,NA,NA,NA,NA,NA,82001013,67
2020-10_south-west_BOSS,276,Biota,Sessile invertebrates,NA,NA,NA,NA,NA,NA,NA,NA,NA,99900044,8
2020-10_south-west_BOSS,276,Biota,Sponges,NA,NA,NA,NA,NA,NA,NA,NA,NA,10000000,1
2020-10_south-west_BOSS,276,Biota,Sponges,NA,NA,NA,NA,NA,NA,NA,NA,NA,10000903,5
2020-10_south-west_BOSS,276,Physical,Substrate,NA,NA,NA,NA,NA,NA,NA,NA,NA,82001013,57
2020-10_south-west_BOSS,277,Biota,Sessile invertebrates,NA,NA,NA,NA,NA,NA,NA,NA,NA,99900044,6
2020-10_south-west_BOSS,277,Physical,Substrate,NA,NA,NA,NA,NA,NA,NA,NA,NA,82001013,67
2020-10_south-west_BOSS,278,Biota,Sessile invertebrates,NA,NA,NA,NA,NA,NA,NA,NA,NA,99900044,4
2020-10_south-west_BOSS,278,Biota,Sponges,NA,NA,NA,NA,NA,NA,NA,NA,NA,10000903,1
2020-10_south-west_BOSS,278,Physical,Substrate,NA,NA,NA,NA,NA,NA,NA,NA,NA,82001013,74
2020-10_south-west_BOSS,278REDO,Biota,Echinoderms,NA,NA,NA,NA,NA,NA,NA,NA,NA,25001000,1
2020-10_south-west_BOSS,278REDO,Biota,Sessile invertebrates,NA,NA,NA,NA,NA,NA,NA,NA,NA,99900044,7
2020-10_south-west_BOSS,278REDO,Physical,Substrate,NA,NA,NA,NA,NA,NA,NA,NA,NA,82001013,67
2020-10_south-west_BOSS,280,Biota,Bryozoa,NA,NA,NA,NA,NA,NA,NA,NA,NA,20000000,1
2020-10_south-west_BOSS,280,Biota,Sessile invertebrates,NA,NA,NA,NA,NA,NA,NA,NA,NA,99900044,1
2020-10_south-west_BOSS,280,Biota,Sponges,NA,NA,NA,NA,NA,NA,NA,NA,NA,10000912,1
2020-10_south-west_BOSS,280,Physical,Substrate,NA,NA,NA,NA,NA,NA,NA,NA,NA,82001013,65
2020-10_south-west_BOSS,281,Biota,Cnidaria,NA,NA,NA,NA,NA,NA,NA,NA,NA,11001000,1
2020-10_south-west_BOSS,281,Biota,Sessile invertebrates,NA,NA,NA,NA,NA,NA,NA,NA,NA,99900044,5
2020-10_south-west_BOSS,281,Biota,Sponges,NA,NA,NA,NA,NA,NA,NA,NA,NA,10000000,1
2020-10_south-west_BOSS,281,Biota,Sponges,NA,NA,NA,NA,NA,NA,NA,NA,NA,10000903,1
2020-10_south-west_BOSS,281,Biota,Sponges,NA,NA,NA,NA,NA,NA,NA,NA,NA,10000912,4
2020-10_south-west_BOSS,281,Physical,Substrate,NA,NA,NA,NA,NA,NA,NA,NA,NA,82001013,60
2020-10_south-west_BOSS,282,Biota,Cnidaria,NA,NA,NA,NA,NA,NA,NA,NA,NA,11001000,1
2020-10_south-west_BOSS,282,Biota,Sessile invertebrates,NA,NA,NA,NA,NA,NA,NA,NA,NA,99900044,4
2020-10_south-west_BOSS,282,Physical,Substrate,NA,NA,NA,NA,NA,NA,NA,NA,NA,82001013,71
2020-10_south-west_BOSS,283,Biota,Sessile invertebrates,NA,NA,NA,NA,NA,NA,NA,NA,NA,99900044,7
2020-10_south-west_BOSS,283,Biota,Sponges,NA,NA,NA,NA,NA,NA,NA,NA,NA,10000903,3
2020-10_south-west_BOSS,283,Physical,Substrate,NA,NA,NA,NA,NA,NA,NA,NA,NA,82001013,69
2020-10_south-west_BOSS,284,Biota,Sponges,NA,NA,NA,NA,NA,NA,NA,NA,NA,10000000,1
2020-10_south-west_BOSS,284,Biota,Sponges,NA,NA,NA,NA,NA,NA,NA,NA,NA,10000903,1
2020-10_south-west_BOSS,284,Biota,Sponges,NA,NA,NA,NA,NA,NA,NA,NA,NA,10000912,2
2020-10_south-west_BOSS,284,Physical,Substrate,NA,NA,NA,NA,NA,NA,NA,NA,NA,82001013,38
2020-10_south-west_BOSS,285,Biota,Bryozoa,NA,NA,NA,NA,NA,NA,NA,NA,NA,20000000,1
2020-10_south-west_BOSS,285,Biota,Sessile invertebrates,NA,NA,NA,NA,NA,NA,NA,NA,NA,99900044,10
2020-10_south-west_BOSS,285,Biota,Sponges,NA,NA,NA,NA,NA,NA,NA,NA,NA,10000000,1
2020-10_south-west_BOSS,285,Biota,Sponges,NA,NA,NA,NA,NA,NA,NA,NA,NA,10000903,4
2020-10_south-west_BOSS,285,Biota,Sponges,NA,NA,NA,NA,NA,NA,NA,NA,NA,10000912,7
2020-10_south-west_BOSS,285,Physical,Substrate,NA,NA,NA,NA,NA,NA,NA,NA,NA,82001013,41
2020-10_south-west_BOSS,286,Biota,Sessile invertebrates,NA,NA,NA,NA,NA,NA,NA,NA,NA,99900044,1
2020-10_south-west_BOSS,286,Biota,Sponges,NA,NA,NA,NA,NA,NA,NA,NA,NA,10000903,1
2020-10_south-west_BOSS,286,Physical,Substrate,NA,NA,NA,NA,NA,NA,NA,NA,NA,82001013,61
2020-10_south-west_BOSS,288,Biota,Sponges,NA,NA,NA,NA,NA,NA,NA,NA,NA,10000903,2
2020-10_south-west_BOSS,288,Biota,Sponges,NA,NA,NA,NA,NA,NA,NA,NA,NA,10000912,1
2020-10_south-west_BOSS,288,Physical,Substrate,NA,NA,NA,NA,NA,NA,NA,NA,NA,82001013,64
2020-10_south-west_BOSS,290,Biota,Sponges,NA,NA,NA,NA,NA,NA,NA,NA,NA,10000903,1
2020-10_south-west_BOSS,290,Physical,Substrate,NA,NA,NA,NA,NA,NA,NA,NA,NA,82001013,72
2020-10_south-west_BOSS,291,Biota,Sponges,NA,NA,NA,NA,NA,NA,NA,NA,NA,10000903,1
2020-10_south-west_BOSS,291,Physical,Substrate,NA,NA,NA,NA,NA,NA,NA,NA,NA,82001013,66
2020-10_south-west_BOSS,293,Biota,Cnidaria,NA,NA,NA,NA,NA,NA,NA,NA,NA,11001000,1
2020-10_south-west_BOSS,293,Biota,Cnidaria,NA,NA,NA,NA,NA,NA,NA,NA,NA,11168912,3
2020-10_south-west_BOSS,293,Biota,Sessile invertebrates,NA,NA,NA,NA,NA,NA,NA,NA,NA,99900044,31
2020-10_south-west_BOSS,293,Biota,Sponges,NA,NA,NA,NA,NA,NA,NA,NA,NA,10000000,5
2020-10_south-west_BOSS,293,Biota,Sponges,NA,NA,NA,NA,NA,NA,NA,NA,NA,10000903,1
2020-10_south-west_BOSS,293,Biota,Sponges,NA,NA,NA,NA,NA,NA,NA,NA,NA,10000912,4
2020-10_south-west_BOSS,293,Physical,Substrate,NA,NA,NA,NA,NA,NA,NA,NA,NA,82001001,3
2020-10_south-west_BOSS,293,Physical,Substrate,NA,NA,NA,NA,NA,NA,NA,NA,NA,82001013,17
2020-10_south-west_BOSS,294,Biota,Sponges,NA,NA,NA,NA,NA,NA,NA,NA,NA,10000903,1
2020-10_south-west_BOSS,294,Physical,Substrate,NA,NA,NA,NA,NA,NA,NA,NA,NA,82001013,66
2020-10_south-west_BOSS,295,Physical,Substrate,NA,NA,NA,NA,NA,NA,NA,NA,NA,82001013,80
2020-10_south-west_BOSS,297,Physical,Substrate,NA,NA,NA,NA,NA,NA,NA,NA,NA,82001013,79
2020-10_south-west_BOSS,298,Biota,Sponges,NA,NA,NA,NA,NA,NA,NA,NA,NA,10000000,1
2020-10_south-west_BOSS,298,Physical,Substrate,NA,NA,NA,NA,NA,NA,NA,NA,NA,82001013,69
2020-10_south-west_BOSS,299,Biota,Sessile invertebrates,NA,NA,NA,NA,NA,NA,NA,NA,NA,99900044,1
2020-10_south-west_BOSS,299,Physical,Substrate,NA,NA,NA,NA,NA,NA,NA,NA,NA,82001013,74
2020-10_south-west_BOSS,3,Biota,Bryozoa,NA,NA,NA,NA,NA,NA,NA,NA,NA,20000000,1
2020-10_south-west_BOSS,3,Biota,Macroalgae,NA,NA,NA,NA,NA,NA,NA,NA,NA,80300000,1
2020-10_south-west_BOSS,3,Biota,Macroalgae,NA,NA,NA,NA,NA,NA,NA,NA,NA,80300909,1
2020-10_south-west_BOSS,3,Biota,Sessile invertebrates,NA,NA,NA,NA,NA,NA,NA,NA,NA,99900044,5
2020-10_south-west_BOSS,3,Biota,Sponges,NA,NA,NA,NA,NA,NA,NA,NA,NA,10000000,2
2020-10_south-west_BOSS,3,Biota,Sponges,NA,NA,NA,NA,NA,NA,NA,NA,NA,10000903,13
2020-10_south-west_BOSS,3,Biota,Sponges,NA,NA,NA,NA,NA,NA,NA,NA,NA,10000912,5
2020-10_south-west_BOSS,3,Physical,Substrate,NA,NA,NA,NA,NA,NA,NA,NA,NA,82001001,26
2020-10_south-west_BOSS,3,Physical,Substrate,NA,NA,NA,NA,NA,NA,NA,NA,NA,82001013,6
2020-10_south-west_BOSS,302,Physical,Substrate,NA,NA,NA,NA,NA,NA,NA,NA,NA,82001007,2
2020-10_south-west_BOSS,302,Physical,Substrate,NA,NA,NA,NA,NA,NA,NA,NA,NA,82001013,60
2020-10_south-west_BOSS,307,Physical,Substrate,NA,NA,NA,NA,NA,NA,NA,NA,NA,82001013,78
2020-10_south-west_BOSS,308,Biota,Sessile invertebrates,NA,NA,NA,NA,NA,NA,NA,NA,NA,99900044,2
2020-10_south-west_BOSS,308,Physical,Substrate,NA,NA,NA,NA,NA,NA,NA,NA,NA,82001013,78
2020-10_south-west_BOSS,310,Biota,Bryozoa,NA,NA,NA,NA,NA,NA,NA,NA,NA,20000000,2
2020-10_south-west_BOSS,310,Biota,Cnidaria,NA,NA,NA,NA,NA,NA,NA,NA,NA,11001000,2
2020-10_south-west_BOSS,310,Biota,Macroalgae,NA,NA,NA,NA,NA,NA,NA,NA,NA,80300910,4
2020-10_south-west_BOSS,310,Biota,Sessile invertebrates,NA,NA,NA,NA,NA,NA,NA,NA,NA,99900044,5
2020-10_south-west_BOSS,310,Biota,Sponges,NA,NA,NA,NA,NA,NA,NA,NA,NA,10000903,5
2020-10_south-west_BOSS,310,Biota,Sponges,NA,NA,NA,NA,NA,NA,NA,NA,NA,10000912,4
2020-10_south-west_BOSS,310,Physical,Substrate,NA,NA,NA,NA,NA,NA,NA,NA,NA,82001001,12
2020-10_south-west_BOSS,310,Physical,Substrate,NA,NA,NA,NA,NA,NA,NA,NA,NA,82001013,38
2020-10_south-west_BOSS,311,Biota,Bryozoa,NA,NA,NA,NA,NA,NA,NA,NA,NA,20000000,1
2020-10_south-west_BOSS,311,Biota,Macroalgae,NA,NA,NA,NA,NA,NA,NA,NA,NA,80300909,2
2020-10_south-west_BOSS,311,Biota,Sessile invertebrates,NA,NA,NA,NA,NA,NA,NA,NA,NA,99900044,9
2020-10_south-west_BOSS,311,Biota,Sponges,NA,NA,NA,NA,NA,NA,NA,NA,NA,10000000,4
2020-10_south-west_BOSS,311,Biota,Sponges,NA,NA,NA,NA,NA,NA,NA,NA,NA,10000903,4
2020-10_south-west_BOSS,311,Biota,Sponges,NA,NA,NA,NA,NA,NA,NA,NA,NA,10000912,2
2020-10_south-west_BOSS,311,Physical,Substrate,NA,NA,NA,NA,NA,NA,NA,NA,NA,82001001,42
2020-10_south-west_BOSS,311,Physical,Substrate,NA,NA,NA,NA,NA,NA,NA,NA,NA,82001013,6
2020-10_south-west_BOSS,312,Biota,Sessile invertebrates,NA,NA,NA,NA,NA,NA,NA,NA,NA,99900044,5
2020-10_south-west_BOSS,312,Biota,Sponges,NA,NA,NA,NA,NA,NA,NA,NA,NA,10000912,1
2020-10_south-west_BOSS,312,Physical,Substrate,NA,NA,NA,NA,NA,NA,NA,NA,NA,82001001,3
2020-10_south-west_BOSS,312,Physical,Substrate,NA,NA,NA,NA,NA,NA,NA,NA,NA,82001013,70
2020-10_south-west_BOSS,313,Biota,Sponges,NA,NA,NA,NA,NA,NA,NA,NA,NA,10000903,1
2020-10_south-west_BOSS,313,Physical,Substrate,NA,NA,NA,NA,NA,NA,NA,NA,NA,82001013,75
2020-10_south-west_BOSS,321,Biota,Bryozoa,NA,NA,NA,NA,NA,NA,NA,NA,NA,20000000,1
2020-10_south-west_BOSS,321,Biota,Sessile invertebrates,NA,NA,NA,NA,NA,NA,NA,NA,NA,99900044,1
2020-10_south-west_BOSS,321,Biota,Sponges,NA,NA,NA,NA,NA,NA,NA,NA,NA,10000000,1
2020-10_south-west_BOSS,321,Biota,Sponges,NA,NA,NA,NA,NA,NA,NA,NA,NA,10000903,2
2020-10_south-west_BOSS,321,Physical,Substrate,NA,NA,NA,NA,NA,NA,NA,NA,NA,82001013,48
2020-10_south-west_BOSS,322,Biota,Cnidaria,NA,NA,NA,NA,NA,NA,NA,NA,NA,11001000,2
2020-10_south-west_BOSS,322,Biota,Sponges,NA,NA,NA,NA,NA,NA,NA,NA,NA,10000000,1
2020-10_south-west_BOSS,322,Biota,Sponges,NA,NA,NA,NA,NA,NA,NA,NA,NA,10000912,3
2020-10_south-west_BOSS,322,Physical,Substrate,NA,NA,NA,NA,NA,NA,NA,NA,NA,82001013,54
2020-10_south-west_BOSS,323,Biota,Bryozoa,NA,NA,NA,NA,NA,NA,NA,NA,NA,20000000,1
2020-10_south-west_BOSS,323,Biota,Sessile invertebrates,NA,NA,NA,NA,NA,NA,NA,NA,NA,99900044,6
2020-10_south-west_BOSS,323,Biota,Sponges,NA,NA,NA,NA,NA,NA,NA,NA,NA,10000000,3
2020-10_south-west_BOSS,323,Biota,Sponges,NA,NA,NA,NA,NA,NA,NA,NA,NA,10000912,2
2020-10_south-west_BOSS,323,Physical,Substrate,NA,NA,NA,NA,NA,NA,NA,NA,NA,82001013,65
2020-10_south-west_BOSS,324,Biota,Sessile invertebrates,NA,NA,NA,NA,NA,NA,NA,NA,NA,99900044,3
2020-10_south-west_BOSS,324,Biota,Sponges,NA,NA,NA,NA,NA,NA,NA,NA,NA,10000912,2
2020-10_south-west_BOSS,324,Physical,Substrate,NA,NA,NA,NA,NA,NA,NA,NA,NA,82001013,75
2020-10_south-west_BOSS,325,Biota,Cnidaria,NA,NA,NA,NA,NA,NA,NA,NA,NA,11001000,5
2020-10_south-west_BOSS,325,Biota,Cnidaria,NA,NA,NA,NA,NA,NA,NA,NA,NA,11168912,2
2020-10_south-west_BOSS,325,Biota,Sessile invertebrates,NA,NA,NA,NA,NA,NA,NA,NA,NA,99900044,20
2020-10_south-west_BOSS,325,Biota,Sponges,NA,NA,NA,NA,NA,NA,NA,NA,NA,10000000,4
2020-10_south-west_BOSS,325,Biota,Sponges,NA,NA,NA,NA,NA,NA,NA,NA,NA,10000903,6
2020-10_south-west_BOSS,325,Biota,Sponges,NA,NA,NA,NA,NA,NA,NA,NA,NA,10000912,4
2020-10_south-west_BOSS,325,Physical,Substrate,NA,NA,NA,NA,NA,NA,NA,NA,NA,82001001,24
2020-10_south-west_BOSS,325,Physical,Substrate,NA,NA,NA,NA,NA,NA,NA,NA,NA,82001013,4
2020-10_south-west_BOSS,326,Biota,Bryozoa,NA,NA,NA,NA,NA,NA,NA,NA,NA,20000000,1
2020-10_south-west_BOSS,326,Biota,Cnidaria,NA,NA,NA,NA,NA,NA,NA,NA,NA,11001000,1
2020-10_south-west_BOSS,326,Biota,Sessile invertebrates,NA,NA,NA,NA,NA,NA,NA,NA,NA,99900044,27
2020-10_south-west_BOSS,326,Biota,Sponges,NA,NA,NA,NA,NA,NA,NA,NA,NA,10000000,8
2020-10_south-west_BOSS,326,Biota,Sponges,NA,NA,NA,NA,NA,NA,NA,NA,NA,10000903,9
2020-10_south-west_BOSS,326,Biota,Sponges,NA,NA,NA,NA,NA,NA,NA,NA,NA,10000912,10
2020-10_south-west_BOSS,326,Physical,Substrate,NA,NA,NA,NA,NA,NA,NA,NA,NA,82001013,7
2020-10_south-west_BOSS,327,Biota,Ascidians,NA,NA,NA,NA,NA,NA,NA,NA,NA,35000000,1
2020-10_south-west_BOSS,327,Biota,Cnidaria,NA,NA,NA,NA,NA,NA,NA,NA,NA,11001000,1
2020-10_south-west_BOSS,327,Biota,Sessile invertebrates,NA,NA,NA,NA,NA,NA,NA,NA,NA,99900044,3
2020-10_south-west_BOSS,327,Biota,Sponges,NA,NA,NA,NA,NA,NA,NA,NA,NA,10000000,2
2020-10_south-west_BOSS,327,Biota,Sponges,NA,NA,NA,NA,NA,NA,NA,NA,NA,10000903,10
2020-10_south-west_BOSS,327,Biota,Sponges,NA,NA,NA,NA,NA,NA,NA,NA,NA,10000912,9
2020-10_south-west_BOSS,327,Physical,Substrate,NA,NA,NA,NA,NA,NA,NA,NA,NA,82001001,21
2020-10_south-west_BOSS,327,Physical,Substrate,NA,NA,NA,NA,NA,NA,NA,NA,NA,82001013,21
2020-10_south-west_BOSS,328,Biota,Macroalgae,NA,NA,NA,NA,NA,NA,Lessoniaceae,Ecklonia,radiata,54079009,20
2020-10_south-west_BOSS,328,Biota,Macroalgae,NA,NA,NA,NA,NA,NA,NA,NA,NA,80300000,3
2020-10_south-west_BOSS,328,Biota,Macroalgae,NA,NA,NA,NA,NA,NA,NA,NA,NA,80300904,1
2020-10_south-west_BOSS,328,Biota,Macroalgae,NA,NA,NA,NA,NA,NA,NA,NA,NA,80300909,10
2020-10_south-west_BOSS,328,Biota,Macroalgae,NA,NA,NA,NA,NA,NA,NA,NA,NA,80300910,16
2020-10_south-west_BOSS,328,Biota,Seagrasses,NA,NA,NA,NA,NA,NA,Cymodoceaceae,Thalassodendron,spp,63618905,5
2020-10_south-west_BOSS,328,Biota,Sponges,NA,NA,NA,NA,NA,NA,NA,NA,NA,10000903,1
2020-10_south-west_BOSS,328,Physical,Substrate,NA,NA,NA,NA,NA,NA,NA,NA,NA,82001001,18
2020-10_south-west_BOSS,328,Physical,Substrate,NA,NA,NA,NA,NA,NA,NA,NA,NA,82001013,6
2020-10_south-west_BOSS,329,Biota,Cnidaria,NA,NA,NA,NA,NA,NA,NA,NA,NA,11001000,1
2020-10_south-west_BOSS,329,Biota,Sessile invertebrates,NA,NA,NA,NA,NA,NA,NA,NA,NA,99900044,24
2020-10_south-west_BOSS,329,Biota,Sponges,NA,NA,NA,NA,NA,NA,NA,NA,NA,10000903,4
2020-10_south-west_BOSS,329,Biota,Sponges,NA,NA,NA,NA,NA,NA,NA,NA,NA,10000912,7
2020-10_south-west_BOSS,329,Physical,Substrate,NA,NA,NA,NA,NA,NA,NA,NA,NA,82001013,23
2020-10_south-west_BOSS,330,Biota,Cnidaria,NA,NA,NA,NA,NA,NA,NA,NA,NA,11001000,1
2020-10_south-west_BOSS,330,Biota,Sessile invertebrates,NA,NA,NA,NA,NA,NA,NA,NA,NA,99900044,11
2020-10_south-west_BOSS,330,Biota,Sponges,NA,NA,NA,NA,NA,NA,NA,NA,NA,10000000,2
2020-10_south-west_BOSS,330,Biota,Sponges,NA,NA,NA,NA,NA,NA,NA,NA,NA,10000903,1
2020-10_south-west_BOSS,330,Biota,Sponges,NA,NA,NA,NA,NA,NA,NA,NA,NA,10000912,2
2020-10_south-west_BOSS,330,Physical,Substrate,NA,NA,NA,NA,NA,NA,NA,NA,NA,82001013,57
2020-10_south-west_BOSS,331,Physical,Substrate,NA,NA,NA,NA,NA,NA,NA,NA,NA,82001013,78
2020-10_south-west_BOSS,333,Biota,Cnidaria,NA,NA,NA,NA,NA,NA,NA,NA,NA,11001000,1
2020-10_south-west_BOSS,333,Biota,Sessile invertebrates,NA,NA,NA,NA,NA,NA,NA,NA,NA,99900044,3
2020-10_south-west_BOSS,333,Biota,Sponges,NA,NA,NA,NA,NA,NA,NA,NA,NA,10000903,2
2020-10_south-west_BOSS,333,Physical,Substrate,NA,NA,NA,NA,NA,NA,NA,NA,NA,82001001,2
2020-10_south-west_BOSS,333,Physical,Substrate,NA,NA,NA,NA,NA,NA,NA,NA,NA,82001013,72
2020-10_south-west_BOSS,334,Biota,Cnidaria,NA,NA,NA,NA,NA,NA,NA,NA,NA,11168912,1
2020-10_south-west_BOSS,334,Biota,Sessile invertebrates,NA,NA,NA,NA,NA,NA,NA,NA,NA,99900044,3
2020-10_south-west_BOSS,334,Biota,Sponges,NA,NA,NA,NA,NA,NA,NA,NA,NA,10000912,1
2020-10_south-west_BOSS,334,Physical,Substrate,NA,NA,NA,NA,NA,NA,NA,NA,NA,82001012,1
2020-10_south-west_BOSS,334,Physical,Substrate,NA,NA,NA,NA,NA,NA,NA,NA,NA,82001013,71
2020-10_south-west_BOSS,335,Biota,Bryozoa,NA,NA,NA,NA,NA,NA,NA,NA,NA,20000000,1
2020-10_south-west_BOSS,335,Biota,Macroalgae,NA,NA,NA,NA,NA,NA,Lessoniaceae,Ecklonia,radiata,54079009,12
2020-10_south-west_BOSS,335,Biota,Macroalgae,NA,NA,NA,NA,NA,NA,NA,NA,NA,80300000,3
2020-10_south-west_BOSS,335,Biota,Macroalgae,NA,NA,NA,NA,NA,NA,NA,NA,NA,80300906,1
2020-10_south-west_BOSS,335,Biota,Macroalgae,NA,NA,NA,NA,NA,NA,NA,NA,NA,80300909,2
2020-10_south-west_BOSS,335,Biota,Macroalgae,NA,NA,NA,NA,NA,NA,NA,NA,NA,80300910,3
2020-10_south-west_BOSS,335,Biota,Macroalgae,NA,NA,NA,NA,NA,NA,NA,NA,NA,80300918,1
2020-10_south-west_BOSS,335,Biota,Macroalgae,NA,NA,NA,NA,NA,NA,NA,NA,NA,80300930,1
2020-10_south-west_BOSS,335,Biota,Sponges,NA,NA,NA,NA,NA,NA,NA,NA,NA,10000000,3
2020-10_south-west_BOSS,335,Biota,Sponges,NA,NA,NA,NA,NA,NA,NA,NA,NA,10000901,1
2020-10_south-west_BOSS,335,Biota,Sponges,NA,NA,NA,NA,NA,NA,NA,NA,NA,10000903,4
2020-10_south-west_BOSS,335,Physical,Substrate,NA,NA,NA,NA,NA,NA,NA,NA,NA,82001001,25
2020-10_south-west_BOSS,335,Physical,Substrate,NA,NA,NA,NA,NA,NA,NA,NA,NA,82001013,11
2020-10_south-west_BOSS,336,Biota,Macroalgae,NA,NA,NA,NA,NA,NA,Lessoniaceae,Ecklonia,radiata,54079009,7
2020-10_south-west_BOSS,336,Biota,Macroalgae,NA,NA,NA,NA,NA,NA,NA,NA,NA,80300904,1
2020-10_south-west_BOSS,336,Biota,Macroalgae,NA,NA,NA,NA,NA,NA,NA,NA,NA,80300909,5
2020-10_south-west_BOSS,336,Biota,Macroalgae,NA,NA,NA,NA,NA,NA,NA,NA,NA,80300910,32
2020-10_south-west_BOSS,336,Biota,Seagrasses,NA,NA,NA,NA,NA,NA,Cymodoceaceae,Thalassodendron,spp,63618905,3
2020-10_south-west_BOSS,336,Biota,Sponges,NA,NA,NA,NA,NA,NA,NA,NA,NA,10000903,2
2020-10_south-west_BOSS,336,Physical,Substrate,NA,NA,NA,NA,NA,NA,NA,NA,NA,82001001,19
2020-10_south-west_BOSS,336,Physical,Substrate,NA,NA,NA,NA,NA,NA,NA,NA,NA,82001013,11
2020-10_south-west_BOSS,337,Biota,Macroalgae,NA,NA,NA,NA,NA,NA,Lessoniaceae,Ecklonia,radiata,54079009,67
2020-10_south-west_BOSS,337,Biota,Macroalgae,NA,NA,NA,NA,NA,NA,NA,NA,NA,80300910,1
2020-10_south-west_BOSS,337,Biota,Sponges,NA,NA,NA,NA,NA,NA,NA,NA,NA,10000000,1
2020-10_south-west_BOSS,337,Physical,Substrate,NA,NA,NA,NA,NA,NA,NA,NA,NA,82001001,7
2020-10_south-west_BOSS,338,Biota,Macroalgae,NA,NA,NA,NA,NA,NA,NA,NA,NA,80300904,2
2020-10_south-west_BOSS,338,Biota,Macroalgae,NA,NA,NA,NA,NA,NA,NA,NA,NA,80300905,4
2020-10_south-west_BOSS,338,Biota,Macroalgae,NA,NA,NA,NA,NA,NA,NA,NA,NA,80300910,5
2020-10_south-west_BOSS,338,Biota,Sessile invertebrates,NA,NA,NA,NA,NA,NA,NA,NA,NA,99900044,4
2020-10_south-west_BOSS,338,Biota,Sponges,NA,NA,NA,NA,NA,NA,NA,NA,NA,10000000,1
2020-10_south-west_BOSS,338,Biota,Sponges,NA,NA,NA,NA,NA,NA,NA,NA,NA,10000903,10
2020-10_south-west_BOSS,338,Biota,Sponges,NA,NA,NA,NA,NA,NA,NA,NA,NA,10000912,1
2020-10_south-west_BOSS,338,Physical,Substrate,NA,NA,NA,NA,NA,NA,NA,NA,NA,82001001,4
2020-10_south-west_BOSS,338,Physical,Substrate,NA,NA,NA,NA,NA,NA,NA,NA,NA,82001013,45
2020-10_south-west_BOSS,339,Biota,Bryozoa,NA,NA,NA,NA,NA,NA,NA,NA,NA,20000000,2
2020-10_south-west_BOSS,339,Biota,Cnidaria,NA,NA,NA,NA,NA,NA,NA,NA,NA,11290906,1
2020-10_south-west_BOSS,339,Biota,Cnidaria,NA,NA,NA,NA,NA,NA,NA,NA,NA,11290907,4
2020-10_south-west_BOSS,339,Biota,Macroalgae,NA,NA,NA,NA,NA,NA,Lessoniaceae,Ecklonia,radiata,54079009,20
2020-10_south-west_BOSS,339,Biota,Macroalgae,NA,NA,NA,NA,NA,NA,NA,NA,NA,80300904,2
2020-10_south-west_BOSS,339,Biota,Macroalgae,NA,NA,NA,NA,NA,NA,NA,NA,NA,80300910,5
2020-10_south-west_BOSS,339,Biota,Seagrasses,NA,NA,NA,NA,NA,NA,Cymodoceaceae,Thalassodendron,spp,63618905,11
2020-10_south-west_BOSS,339,Biota,Sessile invertebrates,NA,NA,NA,NA,NA,NA,NA,NA,NA,99900044,2
2020-10_south-west_BOSS,339,Biota,Sponges,NA,NA,NA,NA,NA,NA,NA,NA,NA,10000000,13
2020-10_south-west_BOSS,339,Biota,Sponges,NA,NA,NA,NA,NA,NA,NA,NA,NA,10000903,5
2020-10_south-west_BOSS,339,Biota,Sponges,NA,NA,NA,NA,NA,NA,NA,NA,NA,10000912,1
2020-10_south-west_BOSS,339,Physical,Substrate,NA,NA,NA,NA,NA,NA,NA,NA,NA,82001001,2
2020-10_south-west_BOSS,34,Biota,Macroalgae,NA,NA,NA,NA,NA,NA,NA,NA,NA,80300000,1
2020-10_south-west_BOSS,34,Biota,Macroalgae,NA,NA,NA,NA,NA,NA,NA,NA,NA,80300910,45
2020-10_south-west_BOSS,34,Biota,Seagrasses,NA,NA,NA,NA,NA,NA,Cymodoceaceae,Thalassodendron,spp,63618905,10
2020-10_south-west_BOSS,34,Physical,Substrate,NA,NA,NA,NA,NA,NA,NA,NA,NA,82001001,16
2020-10_south-west_BOSS,34,Physical,Substrate,NA,NA,NA,NA,NA,NA,NA,NA,NA,82001013,7
2020-10_south-west_BOSS,340,Biota,Cnidaria,NA,NA,NA,NA,NA,NA,NA,NA,NA,11001000,1
2020-10_south-west_BOSS,340,Biota,Sessile invertebrates,NA,NA,NA,NA,NA,NA,NA,NA,NA,99900044,6
2020-10_south-west_BOSS,340,Biota,Sponges,NA,NA,NA,NA,NA,NA,NA,NA,NA,10000903,2
2020-10_south-west_BOSS,340,Biota,Sponges,NA,NA,NA,NA,NA,NA,NA,NA,NA,10000912,8
2020-10_south-west_BOSS,340,Physical,Substrate,NA,NA,NA,NA,NA,NA,NA,NA,NA,82001013,55
2020-10_south-west_BOSS,341,Biota,Cnidaria,NA,NA,NA,NA,NA,NA,NA,NA,NA,11168902,1
2020-10_south-west_BOSS,341,Biota,Sessile invertebrates,NA,NA,NA,NA,NA,NA,NA,NA,NA,99900044,14
2020-10_south-west_BOSS,341,Biota,Sponges,NA,NA,NA,NA,NA,NA,NA,NA,NA,10000000,6
2020-10_south-west_BOSS,341,Biota,Sponges,NA,NA,NA,NA,NA,NA,NA,NA,NA,10000903,7
2020-10_south-west_BOSS,341,Biota,Sponges,NA,NA,NA,NA,NA,NA,NA,NA,NA,10000912,19
2020-10_south-west_BOSS,341,Physical,Substrate,NA,NA,NA,NA,NA,NA,NA,NA,NA,82001013,17
2020-10_south-west_BOSS,342,Biota,Sessile invertebrates,NA,NA,NA,NA,NA,NA,NA,NA,NA,99900044,18
2020-10_south-west_BOSS,342,Biota,Sponges,NA,NA,NA,NA,NA,NA,NA,NA,NA,10000000,5
2020-10_south-west_BOSS,342,Biota,Sponges,NA,NA,NA,NA,NA,NA,NA,NA,NA,10000903,5
2020-10_south-west_BOSS,342,Biota,Sponges,NA,NA,NA,NA,NA,NA,NA,NA,NA,10000912,12
2020-10_south-west_BOSS,342,Physical,Substrate,NA,NA,NA,NA,NA,NA,NA,NA,NA,82001001,10
2020-10_south-west_BOSS,342,Physical,Substrate,NA,NA,NA,NA,NA,NA,NA,NA,NA,82001013,3
2020-10_south-west_BOSS,343,Biota,Sessile invertebrates,NA,NA,NA,NA,NA,NA,NA,NA,NA,99900044,1
2020-10_south-west_BOSS,343,Physical,Substrate,NA,NA,NA,NA,NA,NA,NA,NA,NA,82001013,60
2020-10_south-west_BOSS,344,Biota,Sessile invertebrates,NA,NA,NA,NA,NA,NA,NA,NA,NA,99900044,4
2020-10_south-west_BOSS,344,Physical,Substrate,NA,NA,NA,NA,NA,NA,NA,NA,NA,82001013,73
2020-10_south-west_BOSS,345,Biota,Sessile invertebrates,NA,NA,NA,NA,NA,NA,NA,NA,NA,99900044,1
2020-10_south-west_BOSS,345,Biota,Sponges,NA,NA,NA,NA,NA,NA,NA,NA,NA,10000903,2
2020-10_south-west_BOSS,345,Biota,Sponges,NA,NA,NA,NA,NA,NA,NA,NA,NA,10000912,1
2020-10_south-west_BOSS,345,Physical,Substrate,NA,NA,NA,NA,NA,NA,NA,NA,NA,82001013,61
2020-10_south-west_BOSS,346,Biota,Cnidaria,NA,NA,NA,NA,NA,NA,NA,NA,NA,11001000,4
2020-10_south-west_BOSS,346,Biota,Sessile invertebrates,NA,NA,NA,NA,NA,NA,NA,NA,NA,99900044,1
2020-10_south-west_BOSS,346,Biota,Sponges,NA,NA,NA,NA,NA,NA,NA,NA,NA,10000000,1
2020-10_south-west_BOSS,346,Biota,Sponges,NA,NA,NA,NA,NA,NA,NA,NA,NA,10000903,1
2020-10_south-west_BOSS,346,Physical,Substrate,NA,NA,NA,NA,NA,NA,NA,NA,NA,82001013,57
2020-10_south-west_BOSS,347,Biota,Sessile invertebrates,NA,NA,NA,NA,NA,NA,NA,NA,NA,99900044,3
2020-10_south-west_BOSS,347,Biota,Sponges,NA,NA,NA,NA,NA,NA,NA,NA,NA,10000912,1
2020-10_south-west_BOSS,347,Physical,Substrate,NA,NA,NA,NA,NA,NA,NA,NA,NA,82001013,65
2020-10_south-west_BOSS,349,Biota,Sessile invertebrates,NA,NA,NA,NA,NA,NA,NA,NA,NA,99900044,6
2020-10_south-west_BOSS,349,Biota,Sponges,NA,NA,NA,NA,NA,NA,NA,NA,NA,10000000,4
2020-10_south-west_BOSS,349,Biota,Sponges,NA,NA,NA,NA,NA,NA,NA,NA,NA,10000903,2
2020-10_south-west_BOSS,349,Biota,Sponges,NA,NA,NA,NA,NA,NA,NA,NA,NA,10000912,2
2020-10_south-west_BOSS,349,Physical,Substrate,NA,NA,NA,NA,NA,NA,NA,NA,NA,82001013,56
2020-10_south-west_BOSS,350,Biota,Cnidaria,NA,NA,NA,NA,NA,NA,NA,NA,NA,11001000,1
2020-10_south-west_BOSS,350,Biota,Sessile invertebrates,NA,NA,NA,NA,NA,NA,NA,NA,NA,99900044,5
2020-10_south-west_BOSS,350,Biota,Sponges,NA,NA,NA,NA,NA,NA,NA,NA,NA,10000000,3
2020-10_south-west_BOSS,350,Biota,Sponges,NA,NA,NA,NA,NA,NA,NA,NA,NA,10000903,1
2020-10_south-west_BOSS,350,Physical,Substrate,NA,NA,NA,NA,NA,NA,NA,NA,NA,82001013,69
2020-10_south-west_BOSS,351,Biota,Sessile invertebrates,NA,NA,NA,NA,NA,NA,NA,NA,NA,99900044,1
2020-10_south-west_BOSS,351,Biota,Sponges,NA,NA,NA,NA,NA,NA,NA,NA,NA,10000000,1
2020-10_south-west_BOSS,351,Biota,Sponges,NA,NA,NA,NA,NA,NA,NA,NA,NA,10000912,1
2020-10_south-west_BOSS,351,Physical,Substrate,NA,NA,NA,NA,NA,NA,NA,NA,NA,82001013,68
2020-10_south-west_BOSS,352,Biota,Sponges,NA,NA,NA,NA,NA,NA,NA,NA,NA,10000912,1
2020-10_south-west_BOSS,352,Physical,Substrate,NA,NA,NA,NA,NA,NA,NA,NA,NA,82001013,78
2020-10_south-west_BOSS,353,Biota,Macroalgae,NA,NA,NA,NA,NA,NA,Lessoniaceae,Ecklonia,radiata,54079009,27
2020-10_south-west_BOSS,353,Biota,Macroalgae,NA,NA,NA,NA,NA,NA,Seirococcaceae,Scytothalia,dorycarpa,54102005,18
2020-10_south-west_BOSS,353,Biota,Macroalgae,NA,NA,NA,NA,NA,NA,NA,NA,NA,80300904,28
2020-10_south-west_BOSS,353,Biota,Macroalgae,NA,NA,NA,NA,NA,NA,NA,NA,NA,80300910,5
2020-10_south-west_BOSS,353,Physical,Substrate,NA,NA,NA,NA,NA,NA,NA,NA,NA,82001013,1
2020-10_south-west_BOSS,356,Biota,Macroalgae,NA,NA,NA,NA,NA,NA,NA,NA,NA,80300000,1
2020-10_south-west_BOSS,356,Biota,Macroalgae,NA,NA,NA,NA,NA,NA,NA,NA,NA,80300905,1
2020-10_south-west_BOSS,356,Biota,Macroalgae,NA,NA,NA,NA,NA,NA,NA,NA,NA,80300909,1
2020-10_south-west_BOSS,356,Biota,Seagrasses,NA,NA,NA,NA,NA,NA,Cymodoceaceae,Thalassodendron,spp,63618905,2
2020-10_south-west_BOSS,356,Biota,Sponges,NA,NA,NA,NA,NA,NA,NA,NA,NA,10000000,13
2020-10_south-west_BOSS,356,Biota,Sponges,NA,NA,NA,NA,NA,NA,NA,NA,NA,10000903,15
2020-10_south-west_BOSS,356,Biota,Sponges,NA,NA,NA,NA,NA,NA,NA,NA,NA,10000912,7
2020-10_south-west_BOSS,356,Physical,Substrate,NA,NA,NA,NA,NA,NA,NA,NA,NA,82001001,19
2020-10_south-west_BOSS,356,Physical,Substrate,NA,NA,NA,NA,NA,NA,NA,NA,NA,82001013,19
2020-10_south-west_BOSS,358,Biota,Sponges,NA,NA,NA,NA,NA,NA,NA,NA,NA,10000912,2
2020-10_south-west_BOSS,358,Physical,Substrate,NA,NA,NA,NA,NA,NA,NA,NA,NA,82001013,55
2020-10_south-west_BOSS,36,Physical,Substrate,NA,NA,NA,NA,NA,NA,NA,NA,NA,82001001,1
2020-10_south-west_BOSS,36,Physical,Substrate,NA,NA,NA,NA,NA,NA,NA,NA,NA,82001013,78
2020-10_south-west_BOSS,360,Physical,Substrate,NA,NA,NA,NA,NA,NA,NA,NA,NA,82001013,56
2020-10_south-west_BOSS,361,Biota,Cnidaria,NA,NA,NA,NA,NA,NA,NA,NA,NA,11001000,1
2020-10_south-west_BOSS,361,Biota,Cnidaria,NA,NA,NA,NA,NA,NA,NA,NA,NA,11168902,1
2020-10_south-west_BOSS,361,Biota,Cnidaria,NA,NA,NA,NA,NA,NA,NA,NA,NA,11168912,2
2020-10_south-west_BOSS,361,Biota,Sessile invertebrates,NA,NA,NA,NA,NA,NA,NA,NA,NA,99900044,12
2020-10_south-west_BOSS,361,Biota,Sponges,NA,NA,NA,NA,NA,NA,NA,NA,NA,10000912,5
2020-10_south-west_BOSS,361,Physical,Substrate,NA,NA,NA,NA,NA,NA,NA,NA,NA,82001001,10
2020-10_south-west_BOSS,361,Physical,Substrate,NA,NA,NA,NA,NA,NA,NA,NA,NA,82001013,45
2020-10_south-west_BOSS,363,Biota,Macroalgae,NA,NA,NA,NA,NA,NA,NA,NA,NA,80300000,1
2020-10_south-west_BOSS,363,Biota,Macroalgae,NA,NA,NA,NA,NA,NA,NA,NA,NA,80300909,6
2020-10_south-west_BOSS,363,Biota,Sessile invertebrates,NA,NA,NA,NA,NA,NA,NA,NA,NA,99900044,24
2020-10_south-west_BOSS,363,Biota,Sponges,NA,NA,NA,NA,NA,NA,NA,NA,NA,10000000,6
2020-10_south-west_BOSS,363,Biota,Sponges,NA,NA,NA,NA,NA,NA,NA,NA,NA,10000903,3
2020-10_south-west_BOSS,363,Biota,Sponges,NA,NA,NA,NA,NA,NA,NA,NA,NA,10000912,3
2020-10_south-west_BOSS,363,Physical,Substrate,NA,NA,NA,NA,NA,NA,NA,NA,NA,82001001,33
2020-10_south-west_BOSS,363,Physical,Substrate,NA,NA,NA,NA,NA,NA,NA,NA,NA,82001013,1
2020-10_south-west_BOSS,364,Biota,Sessile invertebrates,NA,NA,NA,NA,NA,NA,NA,NA,NA,99900044,2
2020-10_south-west_BOSS,364,Physical,Substrate,NA,NA,NA,NA,NA,NA,NA,NA,NA,82001013,78
2020-10_south-west_BOSS,365,Biota,Macroalgae,NA,NA,NA,NA,NA,NA,NA,NA,NA,80300909,7
2020-10_south-west_BOSS,365,Biota,Sessile invertebrates,NA,NA,NA,NA,NA,NA,NA,NA,NA,99900044,15
2020-10_south-west_BOSS,365,Biota,Sponges,NA,NA,NA,NA,NA,NA,NA,NA,NA,10000000,3
2020-10_south-west_BOSS,365,Biota,Sponges,NA,NA,NA,NA,NA,NA,NA,NA,NA,10000903,8
2020-10_south-west_BOSS,365,Biota,Sponges,NA,NA,NA,NA,NA,NA,NA,NA,NA,10000912,7
2020-10_south-west_BOSS,365,Physical,Substrate,NA,NA,NA,NA,NA,NA,NA,NA,NA,82001001,30
2020-10_south-west_BOSS,365,Physical,Substrate,NA,NA,NA,NA,NA,NA,NA,NA,NA,82001013,2
2020-10_south-west_BOSS,369,Biota,Sponges,NA,NA,NA,NA,NA,NA,NA,NA,NA,10000000,3
2020-10_south-west_BOSS,369,Biota,Sponges,NA,NA,NA,NA,NA,NA,NA,NA,NA,10000912,3
2020-10_south-west_BOSS,369,Physical,Substrate,NA,NA,NA,NA,NA,NA,NA,NA,NA,82001013,71
2020-10_south-west_BOSS,37,Biota,Sessile invertebrates,NA,NA,NA,NA,NA,NA,NA,NA,NA,99900044,1
2020-10_south-west_BOSS,37,Physical,Substrate,NA,NA,NA,NA,NA,NA,NA,NA,NA,82001013,79
2020-10_south-west_BOSS,370,Biota,Sessile invertebrates,NA,NA,NA,NA,NA,NA,NA,NA,NA,99900044,1
2020-10_south-west_BOSS,370,Biota,Sponges,NA,NA,NA,NA,NA,NA,NA,NA,NA,10000912,1
2020-10_south-west_BOSS,370,Physical,Substrate,NA,NA,NA,NA,NA,NA,NA,NA,NA,82001013,74
2020-10_south-west_BOSS,372,Biota,Sessile invertebrates,NA,NA,NA,NA,NA,NA,NA,NA,NA,99900044,3
2020-10_south-west_BOSS,372,Biota,Sponges,NA,NA,NA,NA,NA,NA,NA,NA,NA,10000912,1
2020-10_south-west_BOSS,372,Physical,Substrate,NA,NA,NA,NA,NA,NA,NA,NA,NA,82001013,67
2020-10_south-west_BOSS,374,Biota,Cnidaria,NA,NA,NA,NA,NA,NA,NA,NA,NA,11001000,3
2020-10_south-west_BOSS,374,Biota,Cnidaria,NA,NA,NA,NA,NA,NA,NA,NA,NA,11168912,1
2020-10_south-west_BOSS,374,Biota,Sessile invertebrates,NA,NA,NA,NA,NA,NA,NA,NA,NA,99900044,34
2020-10_south-west_BOSS,374,Biota,Sponges,NA,NA,NA,NA,NA,NA,NA,NA,NA,10000000,3
2020-10_south-west_BOSS,374,Biota,Sponges,NA,NA,NA,NA,NA,NA,NA,NA,NA,10000903,10
2020-10_south-west_BOSS,374,Biota,Sponges,NA,NA,NA,NA,NA,NA,NA,NA,NA,10000912,6
2020-10_south-west_BOSS,374,Physical,Substrate,NA,NA,NA,NA,NA,NA,NA,NA,NA,82001001,14
2020-10_south-west_BOSS,374,Physical,Substrate,NA,NA,NA,NA,NA,NA,NA,NA,NA,82001013,4
2020-10_south-west_BOSS,377,Physical,Substrate,NA,NA,NA,NA,NA,NA,NA,NA,NA,82001013,80
2020-10_south-west_BOSS,378,Biota,Sessile invertebrates,NA,NA,NA,NA,NA,NA,NA,NA,NA,99900044,1
2020-10_south-west_BOSS,378,Physical,Substrate,NA,NA,NA,NA,NA,NA,NA,NA,NA,82001001,1
2020-10_south-west_BOSS,378,Physical,Substrate,NA,NA,NA,NA,NA,NA,NA,NA,NA,82001013,78
2020-10_south-west_BOSS,4,Biota,Macroalgae,NA,NA,NA,NA,NA,NA,NA,NA,NA,80300000,3
2020-10_south-west_BOSS,4,Biota,Macroalgae,NA,NA,NA,NA,NA,NA,NA,NA,NA,80300910,2
2020-10_south-west_BOSS,4,Biota,Sponges,NA,NA,NA,NA,NA,NA,NA,NA,NA,10000000,3
2020-10_south-west_BOSS,4,Biota,Sponges,NA,NA,NA,NA,NA,NA,NA,NA,NA,10000903,7
2020-10_south-west_BOSS,4,Biota,Sponges,NA,NA,NA,NA,NA,NA,NA,NA,NA,10000912,5
2020-10_south-west_BOSS,4,Physical,Substrate,NA,NA,NA,NA,NA,NA,NA,NA,NA,82001001,36
2020-10_south-west_BOSS,4,Physical,Substrate,NA,NA,NA,NA,NA,NA,NA,NA,NA,82001013,18
2020-10_south-west_BOSS,40,Physical,Substrate,NA,NA,NA,NA,NA,NA,NA,NA,NA,82001013,80
2020-10_south-west_BOSS,46,Biota,Bryozoa,NA,NA,NA,NA,NA,NA,NA,NA,NA,20000000,1
2020-10_south-west_BOSS,46,Biota,Sessile invertebrates,NA,NA,NA,NA,NA,NA,NA,NA,NA,99900044,35
2020-10_south-west_BOSS,46,Biota,Sponges,NA,NA,NA,NA,NA,NA,NA,NA,NA,10000912,3
2020-10_south-west_BOSS,46,Physical,Substrate,NA,NA,NA,NA,NA,NA,NA,NA,NA,82001001,1
2020-10_south-west_BOSS,46,Physical,Substrate,NA,NA,NA,NA,NA,NA,NA,NA,NA,82001013,22
2020-10_south-west_BOSS,47,Biota,Sponges,NA,NA,NA,NA,NA,NA,NA,NA,NA,10000903,1
2020-10_south-west_BOSS,47,Physical,Substrate,NA,NA,NA,NA,NA,NA,NA,NA,NA,82001013,79
2020-10_south-west_BOSS,49,Biota,Cnidaria,NA,NA,NA,NA,NA,NA,NA,NA,NA,11001000,1
2020-10_south-west_BOSS,49,Biota,Sessile invertebrates,NA,NA,NA,NA,NA,NA,NA,NA,NA,99900044,3
2020-10_south-west_BOSS,49,Physical,Substrate,NA,NA,NA,NA,NA,NA,NA,NA,NA,82001013,69
2020-10_south-west_BOSS,5,Biota,Macroalgae,NA,NA,NA,NA,NA,NA,NA,NA,NA,80300000,1
2020-10_south-west_BOSS,5,Biota,Sessile invertebrates,NA,NA,NA,NA,NA,NA,NA,NA,NA,99900044,2
2020-10_south-west_BOSS,5,Biota,Sponges,NA,NA,NA,NA,NA,NA,NA,NA,NA,10000000,1
2020-10_south-west_BOSS,5,Biota,Sponges,NA,NA,NA,NA,NA,NA,NA,NA,NA,10000903,3
2020-10_south-west_BOSS,5,Biota,Sponges,NA,NA,NA,NA,NA,NA,NA,NA,NA,10000912,2
2020-10_south-west_BOSS,5,Physical,Substrate,NA,NA,NA,NA,NA,NA,NA,NA,NA,82001001,12
2020-10_south-west_BOSS,5,Physical,Substrate,NA,NA,NA,NA,NA,NA,NA,NA,NA,82001011,25
2020-10_south-west_BOSS,5,Physical,Substrate,NA,NA,NA,NA,NA,NA,NA,NA,NA,82001012,3
2020-10_south-west_BOSS,5,Physical,Substrate,NA,NA,NA,NA,NA,NA,NA,NA,NA,82001013,23
2020-10_south-west_BOSS,58,Physical,Substrate,NA,NA,NA,NA,NA,NA,NA,NA,NA,82001013,77
2020-10_south-west_BOSS,59,Physical,Substrate,NA,NA,NA,NA,NA,NA,NA,NA,NA,82001013,74
2020-10_south-west_BOSS,62,Biota,Sessile invertebrates,NA,NA,NA,NA,NA,NA,NA,NA,NA,99900044,1
2020-10_south-west_BOSS,62,Physical,Substrate,NA,NA,NA,NA,NA,NA,NA,NA,NA,82001013,74
2020-10_south-west_BOSS,63,Physical,Substrate,NA,NA,NA,NA,NA,NA,NA,NA,NA,82001013,54
2020-10_south-west_BOSS,64,Biota,Macroalgae,NA,NA,NA,NA,NA,NA,NA,NA,NA,80300904,10
2020-10_south-west_BOSS,64,Biota,Macroalgae,NA,NA,NA,NA,NA,NA,NA,NA,NA,80300910,19
2020-10_south-west_BOSS,64,Biota,Sponges,NA,NA,NA,NA,NA,NA,NA,NA,NA,10000903,4
2020-10_south-west_BOSS,64,Biota,Sponges,NA,NA,NA,NA,NA,NA,NA,NA,NA,10000912,3
2020-10_south-west_BOSS,64,Physical,Substrate,NA,NA,NA,NA,NA,NA,NA,NA,NA,82001001,17
2020-10_south-west_BOSS,64,Physical,Substrate,NA,NA,NA,NA,NA,NA,NA,NA,NA,82001013,27
2020-10_south-west_BOSS,65,Biota,Macroalgae,NA,NA,NA,NA,NA,NA,NA,NA,NA,80300904,1
2020-10_south-west_BOSS,65,Biota,Macroalgae,NA,NA,NA,NA,NA,NA,NA,NA,NA,80300908,2
2020-10_south-west_BOSS,65,Biota,Macroalgae,NA,NA,NA,NA,NA,NA,NA,NA,NA,80300910,13
2020-10_south-west_BOSS,65,Biota,Seagrasses,NA,NA,NA,NA,NA,NA,Cymodoceaceae,Thalassodendron,spp,63618905,2
2020-10_south-west_BOSS,65,Physical,Substrate,NA,NA,NA,NA,NA,NA,NA,NA,NA,82001001,44
2020-10_south-west_BOSS,65,Physical,Substrate,NA,NA,NA,NA,NA,NA,NA,NA,NA,82001013,17
2020-10_south-west_BOSS,66,Biota,Macroalgae,NA,NA,NA,NA,NA,NA,Lessoniaceae,Ecklonia,radiata,54079009,2
2020-10_south-west_BOSS,66,Biota,Macroalgae,NA,NA,NA,NA,NA,NA,NA,NA,NA,80300904,2
2020-10_south-west_BOSS,66,Biota,Macroalgae,NA,NA,NA,NA,NA,NA,NA,NA,NA,80300909,15
2020-10_south-west_BOSS,66,Biota,Macroalgae,NA,NA,NA,NA,NA,NA,NA,NA,NA,80300910,18
2020-10_south-west_BOSS,66,Biota,Seagrasses,NA,NA,NA,NA,NA,NA,Cymodoceaceae,Thalassodendron,spp,63618905,15
2020-10_south-west_BOSS,66,Physical,Substrate,NA,NA,NA,NA,NA,NA,NA,NA,NA,82001001,14
2020-10_south-west_BOSS,66,Physical,Substrate,NA,NA,NA,NA,NA,NA,NA,NA,NA,82001013,6
2020-10_south-west_BOSS,71,Biota,Sessile invertebrates,NA,NA,NA,NA,NA,NA,NA,NA,NA,99900044,1
2020-10_south-west_BOSS,71,Biota,Sponges,NA,NA,NA,NA,NA,NA,NA,NA,NA,10000903,1
2020-10_south-west_BOSS,71,Physical,Substrate,NA,NA,NA,NA,NA,NA,NA,NA,NA,82001013,78
2020-10_south-west_BOSS,72,Biota,Macroalgae,NA,NA,NA,NA,NA,NA,Lessoniaceae,Ecklonia,radiata,54079009,1
2020-10_south-west_BOSS,72,Biota,Macroalgae,NA,NA,NA,NA,NA,NA,NA,NA,NA,80300904,1
2020-10_south-west_BOSS,72,Biota,Macroalgae,NA,NA,NA,NA,NA,NA,NA,NA,NA,80300910,47
2020-10_south-west_BOSS,72,Biota,Seagrasses,NA,NA,NA,NA,NA,NA,Cymodoceaceae,Thalassodendron,spp,63618905,9
2020-10_south-west_BOSS,72,Biota,Sponges,NA,NA,NA,NA,NA,NA,NA,NA,NA,10000000,2
2020-10_south-west_BOSS,72,Physical,Substrate,NA,NA,NA,NA,NA,NA,NA,NA,NA,82001001,7
2020-10_south-west_BOSS,72,Physical,Substrate,NA,NA,NA,NA,NA,NA,NA,NA,NA,82001013,13
2020-10_south-west_BOSS,73,Biota,Macroalgae,NA,NA,NA,NA,NA,NA,Lessoniaceae,Ecklonia,radiata,54079009,6
2020-10_south-west_BOSS,73,Biota,Macroalgae,NA,NA,NA,NA,NA,NA,NA,NA,NA,80300904,1
2020-10_south-west_BOSS,73,Biota,Macroalgae,NA,NA,NA,NA,NA,NA,NA,NA,NA,80300910,30
2020-10_south-west_BOSS,73,Biota,Seagrasses,NA,NA,NA,NA,NA,NA,Cymodoceaceae,Thalassodendron,spp,63618905,24
2020-10_south-west_BOSS,73,Biota,Sponges,NA,NA,NA,NA,NA,NA,NA,NA,NA,10000903,1
2020-10_south-west_BOSS,73,Physical,Substrate,NA,NA,NA,NA,NA,NA,NA,NA,NA,82001001,7
2020-10_south-west_BOSS,73,Physical,Substrate,NA,NA,NA,NA,NA,NA,NA,NA,NA,82001013,4
2020-10_south-west_BOSS,74,Biota,Macroalgae,NA,NA,NA,NA,NA,NA,Lessoniaceae,Ecklonia,radiata,54079009,9
2020-10_south-west_BOSS,74,Biota,Macroalgae,NA,NA,NA,NA,NA,NA,NA,NA,NA,80300904,4
2020-10_south-west_BOSS,74,Biota,Macroalgae,NA,NA,NA,NA,NA,NA,NA,NA,NA,80300909,4
2020-10_south-west_BOSS,74,Biota,Macroalgae,NA,NA,NA,NA,NA,NA,NA,NA,NA,80300910,9
2020-10_south-west_BOSS,74,Biota,Seagrasses,NA,NA,NA,NA,NA,NA,Cymodoceaceae,Thalassodendron,spp,63618905,15
2020-10_south-west_BOSS,74,Biota,Sponges,NA,NA,NA,NA,NA,NA,NA,NA,NA,10000000,2
2020-10_south-west_BOSS,74,Biota,Sponges,NA,NA,NA,NA,NA,NA,NA,NA,NA,10000903,2
2020-10_south-west_BOSS,74,Biota,Sponges,NA,NA,NA,NA,NA,NA,NA,NA,NA,10000912,1
2020-10_south-west_BOSS,74,Physical,Substrate,NA,NA,NA,NA,NA,NA,NA,NA,NA,82001001,28
2020-10_south-west_BOSS,74,Physical,Substrate,NA,NA,NA,NA,NA,NA,NA,NA,NA,82001013,6
2020-10_south-west_BOSS,75,Biota,Macroalgae,NA,NA,NA,NA,NA,NA,NA,NA,NA,80300000,1
2020-10_south-west_BOSS,75,Biota,Macroalgae,NA,NA,NA,NA,NA,NA,NA,NA,NA,80300904,1
2020-10_south-west_BOSS,75,Biota,Macroalgae,NA,NA,NA,NA,NA,NA,NA,NA,NA,80300905,1
2020-10_south-west_BOSS,75,Biota,Macroalgae,NA,NA,NA,NA,NA,NA,NA,NA,NA,80300906,1
2020-10_south-west_BOSS,75,Biota,Macroalgae,NA,NA,NA,NA,NA,NA,NA,NA,NA,80300910,26
2020-10_south-west_BOSS,75,Biota,Seagrasses,NA,NA,NA,NA,NA,NA,Cymodoceaceae,Thalassodendron,spp,63618905,14
2020-10_south-west_BOSS,75,Biota,Sessile invertebrates,NA,NA,NA,NA,NA,NA,NA,NA,NA,99900044,4
2020-10_south-west_BOSS,75,Biota,Sponges,NA,NA,NA,NA,NA,NA,NA,NA,NA,10000000,2
2020-10_south-west_BOSS,75,Biota,Sponges,NA,NA,NA,NA,NA,NA,NA,NA,NA,10000903,1
2020-10_south-west_BOSS,75,Physical,Substrate,NA,NA,NA,NA,NA,NA,NA,NA,NA,82001001,14
2020-10_south-west_BOSS,75,Physical,Substrate,NA,NA,NA,NA,NA,NA,NA,NA,NA,82001013,15
2020-10_south-west_BOSS,76,Physical,Substrate,NA,NA,NA,NA,NA,NA,NA,NA,NA,82001013,53
2020-10_south-west_BOSS,77,Biota,Sponges,NA,NA,NA,NA,NA,NA,NA,NA,NA,10000903,2
2020-10_south-west_BOSS,77,Physical,Substrate,NA,NA,NA,NA,NA,NA,NA,NA,NA,82001013,64
2020-10_south-west_BOSS,78,Biota,Sessile invertebrates,NA,NA,NA,NA,NA,NA,NA,NA,NA,99900044,3
2020-10_south-west_BOSS,78,Biota,Sponges,NA,NA,NA,NA,NA,NA,NA,NA,NA,10000903,1
2020-10_south-west_BOSS,78,Physical,Substrate,NA,NA,NA,NA,NA,NA,NA,NA,NA,82001013,56
2020-10_south-west_BOSS,80,Biota,Macroalgae,NA,NA,NA,NA,NA,NA,Lessoniaceae,Ecklonia,radiata,54079009,11
2020-10_south-west_BOSS,80,Biota,Macroalgae,NA,NA,NA,NA,NA,NA,NA,NA,NA,80300904,1
2020-10_south-west_BOSS,80,Biota,Macroalgae,NA,NA,NA,NA,NA,NA,NA,NA,NA,80300909,7
2020-10_south-west_BOSS,80,Biota,Macroalgae,NA,NA,NA,NA,NA,NA,NA,NA,NA,80300910,20
2020-10_south-west_BOSS,80,Biota,Seagrasses,NA,NA,NA,NA,NA,NA,Cymodoceaceae,Thalassodendron,spp,63618905,9
2020-10_south-west_BOSS,80,Biota,Sponges,NA,NA,NA,NA,NA,NA,NA,NA,NA,10000000,1
2020-10_south-west_BOSS,80,Biota,Sponges,NA,NA,NA,NA,NA,NA,NA,NA,NA,10000903,1
2020-10_south-west_BOSS,80,Physical,Substrate,NA,NA,NA,NA,NA,NA,NA,NA,NA,82001001,18
2020-10_south-west_BOSS,80,Physical,Substrate,NA,NA,NA,NA,NA,NA,NA,NA,NA,82001013,9
2020-10_south-west_BOSS,81,Biota,Macroalgae,NA,NA,NA,NA,NA,NA,Lessoniaceae,Ecklonia,radiata,54079009,8
2020-10_south-west_BOSS,81,Biota,Macroalgae,NA,NA,NA,NA,NA,NA,NA,NA,NA,80300000,4
2020-10_south-west_BOSS,81,Biota,Macroalgae,NA,NA,NA,NA,NA,NA,NA,NA,NA,80300910,27
2020-10_south-west_BOSS,81,Biota,Seagrasses,NA,NA,NA,NA,NA,NA,Cymodoceaceae,Thalassodendron,spp,63618905,15
2020-10_south-west_BOSS,81,Biota,Sponges,NA,NA,NA,NA,NA,NA,NA,NA,NA,10000903,2
2020-10_south-west_BOSS,81,Biota,Sponges,NA,NA,NA,NA,NA,NA,NA,NA,NA,10000912,1
2020-10_south-west_BOSS,81,Physical,Substrate,NA,NA,NA,NA,NA,NA,NA,NA,NA,82001001,11
2020-10_south-west_BOSS,81,Physical,Substrate,NA,NA,NA,NA,NA,NA,NA,NA,NA,82001013,6
2020-10_south-west_BOSS,91,Biota,Macroalgae,NA,NA,NA,NA,NA,NA,NA,NA,NA,80300904,1
2020-10_south-west_BOSS,91,Biota,Macroalgae,NA,NA,NA,NA,NA,NA,NA,NA,NA,80300906,2
2020-10_south-west_BOSS,91,Biota,Macroalgae,NA,NA,NA,NA,NA,NA,NA,NA,NA,80300910,42
2020-10_south-west_BOSS,91,Biota,Sponges,NA,NA,NA,NA,NA,NA,NA,NA,NA,10000903,3
2020-10_south-west_BOSS,91,Physical,Substrate,NA,NA,NA,NA,NA,NA,NA,NA,NA,82001001,15
2020-10_south-west_BOSS,91,Physical,Substrate,NA,NA,NA,NA,NA,NA,NA,NA,NA,82001013,17
2020-10_south-west_BOSS,92,Biota,Macroalgae,NA,NA,NA,NA,NA,NA,NA,NA,NA,80300904,6
2020-10_south-west_BOSS,92,Biota,Macroalgae,NA,NA,NA,NA,NA,NA,NA,NA,NA,80300910,30
2020-10_south-west_BOSS,92,Biota,Seagrasses,NA,NA,NA,NA,NA,NA,Cymodoceaceae,Thalassodendron,spp,63618905,6
2020-10_south-west_BOSS,92,Physical,Substrate,NA,NA,NA,NA,NA,NA,NA,NA,NA,82001001,20
2020-10_south-west_BOSS,92,Physical,Substrate,NA,NA,NA,NA,NA,NA,NA,NA,NA,82001013,18
2020-10_south-west_BOSS,95,Physical,Substrate,NA,NA,NA,NA,NA,NA,NA,NA,NA,82001013,78
2020-10_south-west_BOSS,96,Biota,Sessile invertebrates,NA,NA,NA,NA,NA,NA,NA,NA,NA,99900044,1
2020-10_south-west_BOSS,96,Physical,Substrate,NA,NA,NA,NA,NA,NA,NA,NA,NA,82001013,76
2020-10_south-west_BOSS,98,Physical,Substrate,NA,NA,NA,NA,NA,NA,NA,NA,NA,82001013,78
2020-10_south-west_BOSS,C01,Biota,Macroalgae,NA,NA,NA,NA,NA,NA,Lessoniaceae,Ecklonia,radiata,54079009,61
2020-10_south-west_BOSS,C01,Biota,Macroalgae,NA,NA,NA,NA,NA,NA,Seirococcaceae,Scytothalia,dorycarpa,54102005,1
2020-10_south-west_BOSS,C01,Biota,Macroalgae,NA,NA,NA,NA,NA,NA,NA,NA,NA,80300000,1
2020-10_south-west_BOSS,C01,Biota,Macroalgae,NA,NA,NA,NA,NA,NA,NA,NA,NA,80300904,1
2020-10_south-west_BOSS,C01,Biota,Macroalgae,NA,NA,NA,NA,NA,NA,NA,NA,NA,80300909,2
2020-10_south-west_BOSS,C01,Biota,Macroalgae,NA,NA,NA,NA,NA,NA,NA,NA,NA,80300911,1
2020-10_south-west_BOSS,C01,Biota,Sponges,NA,NA,NA,NA,NA,NA,NA,NA,NA,10000912,1
2020-10_south-west_BOSS,C01,Physical,Substrate,NA,NA,NA,NA,NA,NA,NA,NA,NA,82001001,11
2020-10_south-west_BOSS,C02,Biota,Bryozoa,NA,NA,NA,NA,NA,NA,NA,NA,NA,20000000,2
2020-10_south-west_BOSS,C02,Biota,Macroalgae,NA,NA,NA,NA,NA,NA,Lessoniaceae,Ecklonia,radiata,54079009,9
2020-10_south-west_BOSS,C02,Biota,Macroalgae,NA,NA,NA,NA,NA,NA,NA,NA,NA,80300904,2
2020-10_south-west_BOSS,C02,Biota,Macroalgae,NA,NA,NA,NA,NA,NA,NA,NA,NA,80300905,9
2020-10_south-west_BOSS,C02,Biota,Macroalgae,NA,NA,NA,NA,NA,NA,NA,NA,NA,80300909,2
2020-10_south-west_BOSS,C02,Biota,Macroalgae,NA,NA,NA,NA,NA,NA,NA,NA,NA,80300910,10
2020-10_south-west_BOSS,C02,Biota,Sponges,NA,NA,NA,NA,NA,NA,NA,NA,NA,10000000,24
2020-10_south-west_BOSS,C02,Biota,Sponges,NA,NA,NA,NA,NA,NA,NA,NA,NA,10000903,4
2020-10_south-west_BOSS,C02,Biota,Sponges,NA,NA,NA,NA,NA,NA,NA,NA,NA,10000912,3
2020-10_south-west_BOSS,C02,Physical,Substrate,NA,NA,NA,NA,NA,NA,NA,NA,NA,82001001,7
2020-10_south-west_BOSS,C02,Physical,Substrate,NA,NA,NA,NA,NA,NA,NA,NA,NA,82001013,1
2020-10_south-west_BOSS,C03.1,Biota,Macroalgae,NA,NA,NA,NA,NA,NA,Lessoniaceae,Ecklonia,radiata,54079009,44
2020-10_south-west_BOSS,C03.1,Biota,Macroalgae,NA,NA,NA,NA,NA,NA,NA,NA,NA,80300905,1
2020-10_south-west_BOSS,C03.1,Biota,Macroalgae,NA,NA,NA,NA,NA,NA,NA,NA,NA,80300911,1
2020-10_south-west_BOSS,C03.1,Biota,Sponges,NA,NA,NA,NA,NA,NA,NA,NA,NA,10000000,8
2020-10_south-west_BOSS,C03.1,Biota,Sponges,NA,NA,NA,NA,NA,NA,NA,NA,NA,10000903,1
2020-10_south-west_BOSS,C03.1,Physical,Substrate,NA,NA,NA,NA,NA,NA,NA,NA,NA,82001001,6
2020-10_south-west_BOSS,C03.2,Biota,Macroalgae,NA,NA,NA,NA,NA,NA,Lessoniaceae,Ecklonia,radiata,54079009,31
2020-10_south-west_BOSS,C03.2,Biota,Macroalgae,NA,NA,NA,NA,NA,NA,NA,NA,NA,80300905,4
2020-10_south-west_BOSS,C03.2,Biota,Sponges,NA,NA,NA,NA,NA,NA,NA,NA,NA,10000000,9
2020-10_south-west_BOSS,C03.2,Biota,Sponges,NA,NA,NA,NA,NA,NA,NA,NA,NA,10000903,1
2020-10_south-west_BOSS,C03.2,Biota,Sponges,NA,NA,NA,NA,NA,NA,NA,NA,NA,10000912,1
2020-10_south-west_BOSS,C03.2,Physical,Substrate,NA,NA,NA,NA,NA,NA,NA,NA,NA,82001001,15
2020-10_south-west_BOSS,C04,Physical,Substrate,NA,NA,NA,NA,NA,NA,NA,NA,NA,82001013,70
2020-10_south-west_BOSS,CP11-1,Biota,Cnidaria,NA,NA,NA,NA,NA,NA,NA,NA,NA,11001000,5
2020-10_south-west_BOSS,CP11-1,Biota,Sessile invertebrates,NA,NA,NA,NA,NA,NA,NA,NA,NA,99900044,9
2020-10_south-west_BOSS,CP11-1,Biota,Sponges,NA,NA,NA,NA,NA,NA,NA,NA,NA,10000903,3
2020-10_south-west_BOSS,CP11-1,Biota,Sponges,NA,NA,NA,NA,NA,NA,NA,NA,NA,10000912,1
2020-10_south-west_BOSS,CP11-1,Physical,Substrate,NA,NA,NA,NA,NA,NA,NA,NA,NA,82001013,55
2020-10_south-west_BOSS,CP11-2,Biota,Cnidaria,NA,NA,NA,NA,NA,NA,NA,NA,NA,11001000,1
2020-10_south-west_BOSS,CP11-2,Biota,Cnidaria,NA,NA,NA,NA,NA,NA,NA,NA,NA,11168912,1
2020-10_south-west_BOSS,CP11-2,Biota,Sessile invertebrates,NA,NA,NA,NA,NA,NA,NA,NA,NA,99900044,19
2020-10_south-west_BOSS,CP11-2,Biota,Sponges,NA,NA,NA,NA,NA,NA,NA,NA,NA,10000000,4
2020-10_south-west_BOSS,CP11-2,Biota,Sponges,NA,NA,NA,NA,NA,NA,NA,NA,NA,10000903,2
2020-10_south-west_BOSS,CP11-2,Biota,Sponges,NA,NA,NA,NA,NA,NA,NA,NA,NA,10000912,7
2020-10_south-west_BOSS,CP11-2,Physical,Substrate,NA,NA,NA,NA,NA,NA,NA,NA,NA,82001013,1
2020-10_south-west_BOSS,FH10,Biota,Macroalgae,NA,NA,NA,NA,NA,NA,NA,NA,NA,80300904,1
2020-10_south-west_BOSS,FH10,Biota,Macroalgae,NA,NA,NA,NA,NA,NA,NA,NA,NA,80300910,7
2020-10_south-west_BOSS,FH10,Biota,Seagrasses,NA,NA,NA,NA,NA,NA,Cymodoceaceae,Thalassodendron,spp,63618905,1
2020-10_south-west_BOSS,FH10,Physical,Substrate,NA,NA,NA,NA,NA,NA,NA,NA,NA,82001001,46
2020-10_south-west_BOSS,FH10,Physical,Substrate,NA,NA,NA,NA,NA,NA,NA,NA,NA,82001013,13
2020-10_south-west_BOSS,FH106,Biota,Macroalgae,NA,NA,NA,NA,NA,NA,Lessoniaceae,Ecklonia,radiata,54079009,8
2020-10_south-west_BOSS,FH106,Biota,Macroalgae,NA,NA,NA,NA,NA,NA,NA,NA,NA,80300000,11
2020-10_south-west_BOSS,FH106,Biota,Macroalgae,NA,NA,NA,NA,NA,NA,NA,NA,NA,80300904,18
2020-10_south-west_BOSS,FH106,Biota,Macroalgae,NA,NA,NA,NA,NA,NA,NA,NA,NA,80300910,3
2020-10_south-west_BOSS,FH106,Biota,Sponges,NA,NA,NA,NA,NA,NA,NA,NA,NA,10000903,1
2020-10_south-west_BOSS,FH106,Physical,Substrate,NA,NA,NA,NA,NA,NA,NA,NA,NA,82001001,8
2020-10_south-west_BOSS,FH106,Physical,Substrate,NA,NA,NA,NA,NA,NA,NA,NA,NA,82001013,29
2020-10_south-west_BOSS,FH110,Biota,Bryozoa,NA,NA,NA,NA,NA,NA,NA,NA,NA,20000000,1
2020-10_south-west_BOSS,FH110,Biota,Macroalgae,NA,NA,NA,NA,NA,NA,NA,NA,NA,80300000,3
2020-10_south-west_BOSS,FH110,Biota,Macroalgae,NA,NA,NA,NA,NA,NA,NA,NA,NA,80300904,2
2020-10_south-west_BOSS,FH110,Biota,Macroalgae,NA,NA,NA,NA,NA,NA,NA,NA,NA,80300910,5
2020-10_south-west_BOSS,FH110,Biota,Seagrasses,NA,NA,NA,NA,NA,NA,Cymodoceaceae,Thalassodendron,spp,63618905,1
2020-10_south-west_BOSS,FH110,Biota,Sponges,NA,NA,NA,NA,NA,NA,NA,NA,NA,10000903,3
2020-10_south-west_BOSS,FH110,Biota,Sponges,NA,NA,NA,NA,NA,NA,NA,NA,NA,10000912,3
2020-10_south-west_BOSS,FH110,Physical,Substrate,NA,NA,NA,NA,NA,NA,NA,NA,NA,82001001,23
2020-10_south-west_BOSS,FH110,Physical,Substrate,NA,NA,NA,NA,NA,NA,NA,NA,NA,82001013,37
2020-10_south-west_BOSS,FH111,Biota,Macroalgae,NA,NA,NA,NA,NA,NA,NA,NA,NA,80300906,4
2020-10_south-west_BOSS,FH111,Biota,Macroalgae,NA,NA,NA,NA,NA,NA,NA,NA,NA,80300909,1
2020-10_south-west_BOSS,FH111,Biota,Macroalgae,NA,NA,NA,NA,NA,NA,NA,NA,NA,80300910,15
2020-10_south-west_BOSS,FH111,Biota,Seagrasses,NA,NA,NA,NA,NA,NA,Cymodoceaceae,Thalassodendron,spp,63618905,4
2020-10_south-west_BOSS,FH111,Biota,Sponges,NA,NA,NA,NA,NA,NA,NA,NA,NA,10000000,1
2020-10_south-west_BOSS,FH111,Physical,Substrate,NA,NA,NA,NA,NA,NA,NA,NA,NA,82001001,1
2020-10_south-west_BOSS,FH111,Physical,Substrate,NA,NA,NA,NA,NA,NA,NA,NA,NA,82001013,54
2020-10_south-west_BOSS,FH14,Biota,Macroalgae,NA,NA,NA,NA,NA,NA,NA,NA,NA,80300000,6
2020-10_south-west_BOSS,FH14,Biota,Macroalgae,NA,NA,NA,NA,NA,NA,NA,NA,NA,80300906,3
2020-10_south-west_BOSS,FH14,Biota,Macroalgae,NA,NA,NA,NA,NA,NA,NA,NA,NA,80300910,9
2020-10_south-west_BOSS,FH14,Biota,Sponges,NA,NA,NA,NA,NA,NA,NA,NA,NA,10000903,1
2020-10_south-west_BOSS,FH14,Physical,Substrate,NA,NA,NA,NA,NA,NA,NA,NA,NA,82001001,4
2020-10_south-west_BOSS,FH14,Physical,Substrate,NA,NA,NA,NA,NA,NA,NA,NA,NA,82001011,1
2020-10_south-west_BOSS,FH14,Physical,Substrate,NA,NA,NA,NA,NA,NA,NA,NA,NA,82001013,56
2020-10_south-west_BOSS,FH17,Biota,Macroalgae,NA,NA,NA,NA,NA,NA,NA,NA,NA,80300000,5
2020-10_south-west_BOSS,FH17,Biota,Macroalgae,NA,NA,NA,NA,NA,NA,NA,NA,NA,80300904,4
2020-10_south-west_BOSS,FH17,Biota,Macroalgae,NA,NA,NA,NA,NA,NA,NA,NA,NA,80300906,1
2020-10_south-west_BOSS,FH17,Biota,Macroalgae,NA,NA,NA,NA,NA,NA,NA,NA,NA,80300910,8
2020-10_south-west_BOSS,FH17,Biota,Seagrasses,NA,NA,NA,NA,NA,NA,Cymodoceaceae,Thalassodendron,spp,63618905,1
2020-10_south-west_BOSS,FH17,Biota,Sponges,NA,NA,NA,NA,NA,NA,NA,NA,NA,10000000,1
2020-10_south-west_BOSS,FH17,Physical,Substrate,NA,NA,NA,NA,NA,NA,NA,NA,NA,82001001,20
2020-10_south-west_BOSS,FH17,Physical,Substrate,NA,NA,NA,NA,NA,NA,NA,NA,NA,82001013,40
2020-10_south-west_BOSS,FH18,Biota,Macroalgae,NA,NA,NA,NA,NA,NA,Lessoniaceae,Ecklonia,radiata,54079009,1
2020-10_south-west_BOSS,FH18,Biota,Macroalgae,NA,NA,NA,NA,NA,NA,NA,NA,NA,80300000,11
2020-10_south-west_BOSS,FH18,Biota,Macroalgae,NA,NA,NA,NA,NA,NA,NA,NA,NA,80300909,10
2020-10_south-west_BOSS,FH18,Biota,Macroalgae,NA,NA,NA,NA,NA,NA,NA,NA,NA,80300910,4
2020-10_south-west_BOSS,FH18,Biota,Seagrasses,NA,NA,NA,NA,NA,NA,Cymodoceaceae,Thalassodendron,spp,63618905,3
2020-10_south-west_BOSS,FH18,Biota,Sponges,NA,NA,NA,NA,NA,NA,NA,NA,NA,10000000,1
2020-10_south-west_BOSS,FH18,Biota,Sponges,NA,NA,NA,NA,NA,NA,NA,NA,NA,10000912,1
2020-10_south-west_BOSS,FH18,Physical,Substrate,NA,NA,NA,NA,NA,NA,NA,NA,NA,82001001,17
2020-10_south-west_BOSS,FH18,Physical,Substrate,NA,NA,NA,NA,NA,NA,NA,NA,NA,82001013,19
2020-10_south-west_BOSS,FH20,Biota,Macroalgae,NA,NA,NA,NA,NA,NA,NA,NA,NA,80300000,1
2020-10_south-west_BOSS,FH20,Biota,Macroalgae,NA,NA,NA,NA,NA,NA,NA,NA,NA,80300910,2
2020-10_south-west_BOSS,FH20,Biota,Seagrasses,NA,NA,NA,NA,NA,NA,Cymodoceaceae,Thalassodendron,spp,63618905,9
2020-10_south-west_BOSS,FH20,Biota,Sponges,NA,NA,NA,NA,NA,NA,NA,NA,NA,10000903,4
2020-10_south-west_BOSS,FH20,Biota,Sponges,NA,NA,NA,NA,NA,NA,NA,NA,NA,10000912,2
2020-10_south-west_BOSS,FH20,Physical,Substrate,NA,NA,NA,NA,NA,NA,NA,NA,NA,82001001,48
2020-10_south-west_BOSS,FH20,Physical,Substrate,NA,NA,NA,NA,NA,NA,NA,NA,NA,82001013,13
2020-10_south-west_BOSS,FH21,Biota,Macroalgae,NA,NA,NA,NA,NA,NA,Lessoniaceae,Ecklonia,radiata,54079009,6
2020-10_south-west_BOSS,FH21,Biota,Macroalgae,NA,NA,NA,NA,NA,NA,NA,NA,NA,80300000,2
2020-10_south-west_BOSS,FH21,Biota,Macroalgae,NA,NA,NA,NA,NA,NA,NA,NA,NA,80300909,3
2020-10_south-west_BOSS,FH21,Biota,Macroalgae,NA,NA,NA,NA,NA,NA,NA,NA,NA,80300910,2
2020-10_south-west_BOSS,FH21,Biota,Seagrasses,NA,NA,NA,NA,NA,NA,Cymodoceaceae,Thalassodendron,spp,63618905,17
2020-10_south-west_BOSS,FH21,Biota,Sponges,NA,NA,NA,NA,NA,NA,NA,NA,NA,10000903,2
2020-10_south-west_BOSS,FH21,Physical,Substrate,NA,NA,NA,NA,NA,NA,NA,NA,NA,82001001,32
2020-10_south-west_BOSS,FH21,Physical,Substrate,NA,NA,NA,NA,NA,NA,NA,NA,NA,82001013,4
2020-10_south-west_BOSS,FH26,Biota,Macroalgae,NA,NA,NA,NA,NA,NA,Lessoniaceae,Ecklonia,radiata,54079009,3
2020-10_south-west_BOSS,FH26,Biota,Macroalgae,NA,NA,NA,NA,NA,NA,NA,NA,NA,80300000,9
2020-10_south-west_BOSS,FH26,Biota,Macroalgae,NA,NA,NA,NA,NA,NA,NA,NA,NA,80300909,1
2020-10_south-west_BOSS,FH26,Biota,Macroalgae,NA,NA,NA,NA,NA,NA,NA,NA,NA,80300910,8
2020-10_south-west_BOSS,FH26,Biota,Seagrasses,NA,NA,NA,NA,NA,NA,Cymodoceaceae,Thalassodendron,spp,63618905,2
2020-10_south-west_BOSS,FH26,Biota,Sponges,NA,NA,NA,NA,NA,NA,NA,NA,NA,10000000,3
2020-10_south-west_BOSS,FH26,Biota,Sponges,NA,NA,NA,NA,NA,NA,NA,NA,NA,10000903,4
2020-10_south-west_BOSS,FH26,Biota,Sponges,NA,NA,NA,NA,NA,NA,NA,NA,NA,10000912,1
2020-10_south-west_BOSS,FH26,Physical,Substrate,NA,NA,NA,NA,NA,NA,NA,NA,NA,82001001,28
2020-10_south-west_BOSS,FH26,Physical,Substrate,NA,NA,NA,NA,NA,NA,NA,NA,NA,82001013,16
2020-10_south-west_BOSS,FH27,Biota,Macroalgae,NA,NA,NA,NA,NA,NA,NA,NA,NA,80300000,6
2020-10_south-west_BOSS,FH27,Biota,Macroalgae,NA,NA,NA,NA,NA,NA,NA,NA,NA,80300909,2
2020-10_south-west_BOSS,FH27,Biota,Macroalgae,NA,NA,NA,NA,NA,NA,NA,NA,NA,80300910,7
2020-10_south-west_BOSS,FH27,Biota,Seagrasses,NA,NA,NA,NA,NA,NA,Cymodoceaceae,Thalassodendron,spp,63618905,3
2020-10_south-west_BOSS,FH27,Biota,Sessile invertebrates,NA,NA,NA,NA,NA,NA,NA,NA,NA,99900044,1
2020-10_south-west_BOSS,FH27,Biota,Sponges,NA,NA,NA,NA,NA,NA,NA,NA,NA,10000000,1
2020-10_south-west_BOSS,FH27,Biota,Sponges,NA,NA,NA,NA,NA,NA,NA,NA,NA,10000901,1
2020-10_south-west_BOSS,FH27,Biota,Sponges,NA,NA,NA,NA,NA,NA,NA,NA,NA,10000903,2
2020-10_south-west_BOSS,FH27,Biota,Sponges,NA,NA,NA,NA,NA,NA,NA,NA,NA,10000912,3
2020-10_south-west_BOSS,FH27,Physical,Substrate,NA,NA,NA,NA,NA,NA,NA,NA,NA,82001001,35
2020-10_south-west_BOSS,FH27,Physical,Substrate,NA,NA,NA,NA,NA,NA,NA,NA,NA,82001013,6
2020-10_south-west_BOSS,FH30,Biota,Macroalgae,NA,NA,NA,NA,NA,NA,NA,NA,NA,80300000,47
2020-10_south-west_BOSS,FH30,Biota,Macroalgae,NA,NA,NA,NA,NA,NA,NA,NA,NA,80300910,5
2020-10_south-west_BOSS,FH30,Physical,Substrate,NA,NA,NA,NA,NA,NA,NA,NA,NA,82001001,5
2020-10_south-west_BOSS,FH30,Physical,Substrate,NA,NA,NA,NA,NA,NA,NA,NA,NA,82001013,18
2020-10_south-west_BOSS,FH34,Biota,Macroalgae,NA,NA,NA,NA,NA,NA,NA,NA,NA,80300000,6
2020-10_south-west_BOSS,FH34,Biota,Macroalgae,NA,NA,NA,NA,NA,NA,NA,NA,NA,80300904,4
2020-10_south-west_BOSS,FH34,Biota,Macroalgae,NA,NA,NA,NA,NA,NA,NA,NA,NA,80300910,4
2020-10_south-west_BOSS,FH34,Biota,Seagrasses,NA,NA,NA,NA,NA,NA,Cymodoceaceae,Thalassodendron,spp,63618905,7
2020-10_south-west_BOSS,FH34,Biota,Sessile invertebrates,NA,NA,NA,NA,NA,NA,NA,NA,NA,99900044,1
2020-10_south-west_BOSS,FH34,Biota,Sponges,NA,NA,NA,NA,NA,NA,NA,NA,NA,10000903,2
2020-10_south-west_BOSS,FH34,Biota,Sponges,NA,NA,NA,NA,NA,NA,NA,NA,NA,10000912,2
2020-10_south-west_BOSS,FH34,Physical,Substrate,NA,NA,NA,NA,NA,NA,NA,NA,NA,82001001,29
2020-10_south-west_BOSS,FH34,Physical,Substrate,NA,NA,NA,NA,NA,NA,NA,NA,NA,82001013,22
2020-10_south-west_BOSS,FH44,Biota,Macroalgae,NA,NA,NA,NA,NA,NA,NA,NA,NA,80300000,1
2020-10_south-west_BOSS,FH44,Biota,Macroalgae,NA,NA,NA,NA,NA,NA,NA,NA,NA,80300910,5
2020-10_south-west_BOSS,FH44,Biota,Seagrasses,NA,NA,NA,NA,NA,NA,Cymodoceaceae,Thalassodendron,spp,63618905,17
2020-10_south-west_BOSS,FH44,Biota,Sponges,NA,NA,NA,NA,NA,NA,NA,NA,NA,10000000,1
2020-10_south-west_BOSS,FH44,Biota,Sponges,NA,NA,NA,NA,NA,NA,NA,NA,NA,10000903,2
2020-10_south-west_BOSS,FH44,Physical,Substrate,NA,NA,NA,NA,NA,NA,NA,NA,NA,82001001,26
2020-10_south-west_BOSS,FH44,Physical,Substrate,NA,NA,NA,NA,NA,NA,NA,NA,NA,82001013,26
2020-10_south-west_BOSS,FH48,Biota,Macroalgae,NA,NA,NA,NA,NA,NA,Lessoniaceae,Ecklonia,radiata,54079009,8
2020-10_south-west_BOSS,FH48,Biota,Macroalgae,NA,NA,NA,NA,NA,NA,NA,NA,NA,80300910,2
2020-10_south-west_BOSS,FH48,Biota,Seagrasses,NA,NA,NA,NA,NA,NA,Cymodoceaceae,Thalassodendron,spp,63618905,7
2020-10_south-west_BOSS,FH48,Biota,Sponges,NA,NA,NA,NA,NA,NA,NA,NA,NA,10000903,1
2020-10_south-west_BOSS,FH48,Physical,Substrate,NA,NA,NA,NA,NA,NA,NA,NA,NA,82001001,51
2020-10_south-west_BOSS,FH48,Physical,Substrate,NA,NA,NA,NA,NA,NA,NA,NA,NA,82001013,4
2020-10_south-west_BOSS,FH52,Biota,Macroalgae,NA,NA,NA,NA,NA,NA,Lessoniaceae,Ecklonia,radiata,54079009,2
2020-10_south-west_BOSS,FH52,Biota,Macroalgae,NA,NA,NA,NA,NA,NA,NA,NA,NA,80300904,1
2020-10_south-west_BOSS,FH52,Biota,Macroalgae,NA,NA,NA,NA,NA,NA,NA,NA,NA,80300910,5
2020-10_south-west_BOSS,FH52,Biota,Seagrasses,NA,NA,NA,NA,NA,NA,Cymodoceaceae,Thalassodendron,spp,63618905,14
2020-10_south-west_BOSS,FH52,Physical,Substrate,NA,NA,NA,NA,NA,NA,NA,NA,NA,82001001,36
2020-10_south-west_BOSS,FH52,Physical,Substrate,NA,NA,NA,NA,NA,NA,NA,NA,NA,82001013,19
2020-10_south-west_BOSS,FH56,Biota,Macroalgae,NA,NA,NA,NA,NA,NA,NA,NA,NA,80300000,6
2020-10_south-west_BOSS,FH56,Biota,Macroalgae,NA,NA,NA,NA,NA,NA,NA,NA,NA,80300906,1
2020-10_south-west_BOSS,FH56,Biota,Macroalgae,NA,NA,NA,NA,NA,NA,NA,NA,NA,80300910,5
2020-10_south-west_BOSS,FH56,Biota,Seagrasses,NA,NA,NA,NA,NA,NA,Cymodoceaceae,Thalassodendron,spp,63618905,11
2020-10_south-west_BOSS,FH56,Biota,Sponges,NA,NA,NA,NA,NA,NA,NA,NA,NA,10000000,1
2020-10_south-west_BOSS,FH56,Biota,Sponges,NA,NA,NA,NA,NA,NA,NA,NA,NA,10000912,1
2020-10_south-west_BOSS,FH56,Physical,Substrate,NA,NA,NA,NA,NA,NA,NA,NA,NA,82001001,27
2020-10_south-west_BOSS,FH56,Physical,Substrate,NA,NA,NA,NA,NA,NA,NA,NA,NA,82001013,16
2020-10_south-west_BOSS,FH57,Biota,Macroalgae,NA,NA,NA,NA,NA,NA,Lessoniaceae,Ecklonia,radiata,54079009,4
2020-10_south-west_BOSS,FH57,Biota,Macroalgae,NA,NA,NA,NA,NA,NA,Seirococcaceae,Scytothalia,dorycarpa,54102005,1
2020-10_south-west_BOSS,FH57,Biota,Macroalgae,NA,NA,NA,NA,NA,NA,NA,NA,NA,80300906,2
2020-10_south-west_BOSS,FH57,Biota,Macroalgae,NA,NA,NA,NA,NA,NA,NA,NA,NA,80300910,3
2020-10_south-west_BOSS,FH57,Biota,Macroalgae,NA,NA,NA,NA,NA,NA,NA,NA,NA,80300930,5
2020-10_south-west_BOSS,FH57,Biota,Seagrasses,NA,NA,NA,NA,NA,NA,Cymodoceaceae,Thalassodendron,spp,63618905,7
2020-10_south-west_BOSS,FH57,Biota,Sponges,NA,NA,NA,NA,NA,NA,NA,NA,NA,10000903,1
2020-10_south-west_BOSS,FH57,Physical,Substrate,NA,NA,NA,NA,NA,NA,NA,NA,NA,82001001,42
2020-10_south-west_BOSS,FH57,Physical,Substrate,NA,NA,NA,NA,NA,NA,NA,NA,NA,82001013,12
2020-10_south-west_BOSS,FH60,Biota,Macroalgae,NA,NA,NA,NA,NA,NA,NA,NA,NA,80300000,8
2020-10_south-west_BOSS,FH60,Biota,Macroalgae,NA,NA,NA,NA,NA,NA,NA,NA,NA,80300904,2
2020-10_south-west_BOSS,FH60,Biota,Sponges,NA,NA,NA,NA,NA,NA,NA,NA,NA,10000903,1
2020-10_south-west_BOSS,FH60,Biota,Sponges,NA,NA,NA,NA,NA,NA,NA,NA,NA,10000912,1
2020-10_south-west_BOSS,FH60,Physical,Substrate,NA,NA,NA,NA,NA,NA,NA,NA,NA,82001001,32
2020-10_south-west_BOSS,FH60,Physical,Substrate,NA,NA,NA,NA,NA,NA,NA,NA,NA,82001013,21
2020-10_south-west_BOSS,FH61,Biota,Macroalgae,NA,NA,NA,NA,NA,NA,Lessoniaceae,Ecklonia,radiata,54079009,2
2020-10_south-west_BOSS,FH61,Biota,Macroalgae,NA,NA,NA,NA,NA,NA,NA,NA,NA,80300910,8
2020-10_south-west_BOSS,FH61,Biota,Macroalgae,NA,NA,NA,NA,NA,NA,NA,NA,NA,80300930,1
2020-10_south-west_BOSS,FH61,Biota,Seagrasses,NA,NA,NA,NA,NA,NA,Cymodoceaceae,Thalassodendron,spp,63618905,15
2020-10_south-west_BOSS,FH61,Biota,Sponges,NA,NA,NA,NA,NA,NA,NA,NA,NA,10000903,2
2020-10_south-west_BOSS,FH61,Physical,Substrate,NA,NA,NA,NA,NA,NA,NA,NA,NA,82001001,34
2020-10_south-west_BOSS,FH61,Physical,Substrate,NA,NA,NA,NA,NA,NA,NA,NA,NA,82001013,3
2020-10_south-west_BOSS,FH62,Biota,Macroalgae,NA,NA,NA,NA,NA,NA,NA,NA,NA,80300000,6
2020-10_south-west_BOSS,FH62,Biota,Macroalgae,NA,NA,NA,NA,NA,NA,NA,NA,NA,80300904,5
2020-10_south-west_BOSS,FH62,Biota,Macroalgae,NA,NA,NA,NA,NA,NA,NA,NA,NA,80300909,7
2020-10_south-west_BOSS,FH62,Biota,Macroalgae,NA,NA,NA,NA,NA,NA,NA,NA,NA,80300910,2
2020-10_south-west_BOSS,FH62,Biota,Macroalgae,NA,NA,NA,NA,NA,NA,NA,NA,NA,80300930,1
2020-10_south-west_BOSS,FH62,Biota,Seagrasses,NA,NA,NA,NA,NA,NA,Cymodoceaceae,Thalassodendron,spp,63618905,2
2020-10_south-west_BOSS,FH62,Biota,Sessile invertebrates,NA,NA,NA,NA,NA,NA,NA,NA,NA,99900044,2
2020-10_south-west_BOSS,FH62,Biota,Sponges,NA,NA,NA,NA,NA,NA,NA,NA,NA,10000000,6
2020-10_south-west_BOSS,FH62,Biota,Sponges,NA,NA,NA,NA,NA,NA,NA,NA,NA,10000903,9
2020-10_south-west_BOSS,FH62,Biota,Sponges,NA,NA,NA,NA,NA,NA,NA,NA,NA,10000912,4
2020-10_south-west_BOSS,FH62,Physical,Substrate,NA,NA,NA,NA,NA,NA,NA,NA,NA,82001001,12
2020-10_south-west_BOSS,FH62,Physical,Substrate,NA,NA,NA,NA,NA,NA,NA,NA,NA,82001011,1
2020-10_south-west_BOSS,FH62,Physical,Substrate,NA,NA,NA,NA,NA,NA,NA,NA,NA,82001013,19
2020-10_south-west_BOSS,FH7,Biota,Macroalgae,NA,NA,NA,NA,NA,NA,NA,NA,NA,80300000,8
2020-10_south-west_BOSS,FH7,Biota,Macroalgae,NA,NA,NA,NA,NA,NA,NA,NA,NA,80300908,1
2020-10_south-west_BOSS,FH7,Biota,Macroalgae,NA,NA,NA,NA,NA,NA,NA,NA,NA,80300910,15
2020-10_south-west_BOSS,FH7,Biota,Macroalgae,NA,NA,NA,NA,NA,NA,NA,NA,NA,80300930,4
2020-10_south-west_BOSS,FH7,Biota,Sponges,NA,NA,NA,NA,NA,NA,NA,NA,NA,10000903,10
2020-10_south-west_BOSS,FH7,Biota,Sponges,NA,NA,NA,NA,NA,NA,NA,NA,NA,10000912,2
2020-10_south-west_BOSS,FH7,Physical,Substrate,NA,NA,NA,NA,NA,NA,NA,NA,NA,82001001,24
2020-10_south-west_BOSS,FH7,Physical,Substrate,NA,NA,NA,NA,NA,NA,NA,NA,NA,82001013,13
2020-10_south-west_BOSS,FH77,Biota,Macroalgae,NA,NA,NA,NA,NA,NA,NA,NA,NA,80300904,10
2020-10_south-west_BOSS,FH77,Biota,Macroalgae,NA,NA,NA,NA,NA,NA,NA,NA,NA,80300910,41
2020-10_south-west_BOSS,FH77,Biota,Seagrasses,NA,NA,NA,NA,NA,NA,Cymodoceaceae,Thalassodendron,spp,63618905,1
2020-10_south-west_BOSS,FH77,Biota,Sponges,NA,NA,NA,NA,NA,NA,NA,NA,NA,10000903,1
2020-10_south-west_BOSS,FH77,Physical,Substrate,NA,NA,NA,NA,NA,NA,NA,NA,NA,82001001,7
2020-10_south-west_BOSS,FH77,Physical,Substrate,NA,NA,NA,NA,NA,NA,NA,NA,NA,82001013,20
2020-10_south-west_BOSS,FH92,Biota,Macroalgae,NA,NA,NA,NA,NA,NA,Lessoniaceae,Ecklonia,radiata,54079009,1
2020-10_south-west_BOSS,FH92,Biota,Macroalgae,NA,NA,NA,NA,NA,NA,NA,NA,NA,80300000,2
2020-10_south-west_BOSS,FH92,Biota,Macroalgae,NA,NA,NA,NA,NA,NA,NA,NA,NA,80300910,3
2020-10_south-west_BOSS,FH92,Biota,Seagrasses,NA,NA,NA,NA,NA,NA,Cymodoceaceae,Thalassodendron,spp,63618905,8
2020-10_south-west_BOSS,FH92,Biota,Sponges,NA,NA,NA,NA,NA,NA,NA,NA,NA,10000000,4
2020-10_south-west_BOSS,FH92,Biota,Sponges,NA,NA,NA,NA,NA,NA,NA,NA,NA,10000903,4
2020-10_south-west_BOSS,FH92,Biota,Sponges,NA,NA,NA,NA,NA,NA,NA,NA,NA,10000912,1
2020-10_south-west_BOSS,FH92,Physical,Substrate,NA,NA,NA,NA,NA,NA,NA,NA,NA,82001001,27
2020-10_south-west_BOSS,FH92,Physical,Substrate,NA,NA,NA,NA,NA,NA,NA,NA,NA,82001013,8
2020-10_south-west_BOSS,FH93,Biota,Macroalgae,NA,NA,NA,NA,NA,NA,NA,NA,NA,80300000,4
2020-10_south-west_BOSS,FH93,Biota,Macroalgae,NA,NA,NA,NA,NA,NA,NA,NA,NA,80300909,1
2020-10_south-west_BOSS,FH93,Biota,Macroalgae,NA,NA,NA,NA,NA,NA,NA,NA,NA,80300910,5
2020-10_south-west_BOSS,FH93,Biota,Seagrasses,NA,NA,NA,NA,NA,NA,Cymodoceaceae,Thalassodendron,spp,63618905,13
2020-10_south-west_BOSS,FH93,Biota,Sponges,NA,NA,NA,NA,NA,NA,NA,NA,NA,10000000,1
2020-10_south-west_BOSS,FH93,Biota,Sponges,NA,NA,NA,NA,NA,NA,NA,NA,NA,10000903,8
2020-10_south-west_BOSS,FH93,Biota,Sponges,NA,NA,NA,NA,NA,NA,NA,NA,NA,10000912,5
2020-10_south-west_BOSS,FH93,Physical,Substrate,NA,NA,NA,NA,NA,NA,NA,NA,NA,82001001,38
2020-10_south-west_BOSS,FH93,Physical,Substrate,NA,NA,NA,NA,NA,NA,NA,NA,NA,82001013,2
2020-10_south-west_BOSS,FH95,Biota,Macroalgae,NA,NA,NA,NA,NA,NA,NA,NA,NA,80300000,23
2020-10_south-west_BOSS,FH95,Biota,Macroalgae,NA,NA,NA,NA,NA,NA,NA,NA,NA,80300904,6
2020-10_south-west_BOSS,FH95,Biota,Macroalgae,NA,NA,NA,NA,NA,NA,NA,NA,NA,80300910,4
2020-10_south-west_BOSS,FH95,Biota,Macroalgae,NA,NA,NA,NA,NA,NA,NA,NA,NA,80300930,5
2020-10_south-west_BOSS,FH95,Biota,Sponges,NA,NA,NA,NA,NA,NA,NA,NA,NA,10000903,2
2020-10_south-west_BOSS,FH95,Biota,Sponges,NA,NA,NA,NA,NA,NA,NA,NA,NA,10000912,1
2020-10_south-west_BOSS,FH95,Physical,Substrate,NA,NA,NA,NA,NA,NA,NA,NA,NA,82001001,5
2020-10_south-west_BOSS,FH95,Physical,Substrate,NA,NA,NA,NA,NA,NA,NA,NA,NA,82001013,29
2020-10_south-west_BOSS,FH96,Biota,Macroalgae,NA,NA,NA,NA,NA,NA,Lessoniaceae,Ecklonia,radiata,54079009,4
2020-10_south-west_BOSS,FH96,Biota,Macroalgae,NA,NA,NA,NA,NA,NA,NA,NA,NA,80300000,9
2020-10_south-west_BOSS,FH96,Biota,Macroalgae,NA,NA,NA,NA,NA,NA,NA,NA,NA,80300904,3
2020-10_south-west_BOSS,FH96,Biota,Macroalgae,NA,NA,NA,NA,NA,NA,NA,NA,NA,80300909,10
2020-10_south-west_BOSS,FH96,Biota,Macroalgae,NA,NA,NA,NA,NA,NA,NA,NA,NA,80300930,4
2020-10_south-west_BOSS,FH96,Biota,Seagrasses,NA,NA,NA,NA,NA,NA,Cymodoceaceae,Thalassodendron,spp,63618905,10
2020-10_south-west_BOSS,FH96,Biota,Sponges,NA,NA,NA,NA,NA,NA,NA,NA,NA,10000903,1
2020-10_south-west_BOSS,FH96,Physical,Substrate,NA,NA,NA,NA,NA,NA,NA,NA,NA,82001001,30
2020-10_south-west_BOSS,FH96,Physical,Substrate,NA,NA,NA,NA,NA,NA,NA,NA,NA,82001013,9
2020-10_south-west_BOSS,J1,Biota,Macroalgae,NA,NA,NA,NA,NA,NA,NA,NA,NA,80300000,1
2020-10_south-west_BOSS,J1,Biota,Macroalgae,NA,NA,NA,NA,NA,NA,NA,NA,NA,80300910,4
2020-10_south-west_BOSS,J1,Physical,Substrate,NA,NA,NA,NA,NA,NA,NA,NA,NA,82001001,32
2020-10_south-west_BOSS,J1,Physical,Substrate,NA,NA,NA,NA,NA,NA,NA,NA,NA,82001013,162
2020-10_south-west_BOSS,J10,Biota,Macroalgae,NA,NA,NA,NA,NA,NA,Lessoniaceae,Ecklonia,radiata,54079009,104
2020-10_south-west_BOSS,J10,Biota,Macroalgae,NA,NA,NA,NA,NA,NA,NA,NA,NA,80300909,4
2020-10_south-west_BOSS,J10,Biota,Macroalgae,NA,NA,NA,NA,NA,NA,NA,NA,NA,80300910,39
2020-10_south-west_BOSS,J10,Biota,Macroalgae,NA,NA,NA,NA,NA,NA,NA,NA,NA,80300930,1
2020-10_south-west_BOSS,J10,Biota,Seagrasses,NA,NA,NA,NA,NA,NA,Cymodoceaceae,Thalassodendron,spp,63618905,29
2020-10_south-west_BOSS,J10,Biota,Sponges,NA,NA,NA,NA,NA,NA,NA,NA,NA,10000000,4
2020-10_south-west_BOSS,J10,Biota,Sponges,NA,NA,NA,NA,NA,NA,NA,NA,NA,10000903,2
2020-10_south-west_BOSS,J10,Physical,Substrate,NA,NA,NA,NA,NA,NA,NA,NA,NA,82001001,7
2020-10_south-west_BOSS,J10,Physical,Substrate,NA,NA,NA,NA,NA,NA,NA,NA,NA,82001013,2
2020-10_south-west_BOSS,J11,Biota,Macroalgae,NA,NA,NA,NA,NA,NA,Lessoniaceae,Ecklonia,radiata,54079009,42
2020-10_south-west_BOSS,J11,Biota,Macroalgae,NA,NA,NA,NA,NA,NA,NA,NA,NA,80300904,3
2020-10_south-west_BOSS,J11,Biota,Macroalgae,NA,NA,NA,NA,NA,NA,NA,NA,NA,80300910,2
2020-10_south-west_BOSS,J11,Biota,Seagrasses,NA,NA,NA,NA,NA,NA,Cymodoceaceae,Thalassodendron,spp,63618905,65
2020-10_south-west_BOSS,J11,Biota,Sponges,NA,NA,NA,NA,NA,NA,NA,NA,NA,10000000,14
2020-10_south-west_BOSS,J11,Biota,Sponges,NA,NA,NA,NA,NA,NA,NA,NA,NA,10000903,5
2020-10_south-west_BOSS,J11,Physical,Substrate,NA,NA,NA,NA,NA,NA,NA,NA,NA,82001001,8
2020-10_south-west_BOSS,J12,Biota,Macroalgae,NA,NA,NA,NA,NA,NA,Lessoniaceae,Ecklonia,radiata,54079009,8
2020-10_south-west_BOSS,J12,Biota,Macroalgae,NA,NA,NA,NA,NA,NA,NA,NA,NA,80300909,4
2020-10_south-west_BOSS,J12,Biota,Macroalgae,NA,NA,NA,NA,NA,NA,NA,NA,NA,80300910,103
2020-10_south-west_BOSS,J12,Biota,Macroalgae,NA,NA,NA,NA,NA,NA,NA,NA,NA,80300930,7
2020-10_south-west_BOSS,J12,Biota,Sponges,NA,NA,NA,NA,NA,NA,NA,NA,NA,10000000,37
2020-10_south-west_BOSS,J12,Biota,Sponges,NA,NA,NA,NA,NA,NA,NA,NA,NA,10000903,14
2020-10_south-west_BOSS,J12,Biota,Sponges,NA,NA,NA,NA,NA,NA,NA,NA,NA,10000912,1
2020-10_south-west_BOSS,J12,Physical,Substrate,NA,NA,NA,NA,NA,NA,NA,NA,NA,82001001,11
2020-10_south-west_BOSS,J12,Physical,Substrate,NA,NA,NA,NA,NA,NA,NA,NA,NA,82001013,3
2020-10_south-west_BOSS,J13,Biota,Macroalgae,NA,NA,NA,NA,NA,NA,Lessoniaceae,Ecklonia,radiata,54079009,15
2020-10_south-west_BOSS,J13,Biota,Macroalgae,NA,NA,NA,NA,NA,NA,NA,NA,NA,80300904,3
2020-10_south-west_BOSS,J13,Biota,Macroalgae,NA,NA,NA,NA,NA,NA,NA,NA,NA,80300909,1
2020-10_south-west_BOSS,J13,Biota,Macroalgae,NA,NA,NA,NA,NA,NA,NA,NA,NA,80300910,67
2020-10_south-west_BOSS,J13,Biota,Seagrasses,NA,NA,NA,NA,NA,NA,Cymodoceaceae,Thalassodendron,spp,63618905,21
2020-10_south-west_BOSS,J13,Biota,Sponges,NA,NA,NA,NA,NA,NA,NA,NA,NA,10000000,8
2020-10_south-west_BOSS,J13,Biota,Sponges,NA,NA,NA,NA,NA,NA,NA,NA,NA,10000903,2
2020-10_south-west_BOSS,J13,Physical,Substrate,NA,NA,NA,NA,NA,NA,NA,NA,NA,82001001,4
2020-10_south-west_BOSS,J13,Physical,Substrate,NA,NA,NA,NA,NA,NA,NA,NA,NA,82001012,35
2020-10_south-west_BOSS,J13,Physical,Substrate,NA,NA,NA,NA,NA,NA,NA,NA,NA,82001013,37
2020-10_south-west_BOSS,J14,Biota,Macroalgae,NA,NA,NA,NA,NA,NA,Lessoniaceae,Ecklonia,radiata,54079009,4
2020-10_south-west_BOSS,J14,Biota,Macroalgae,NA,NA,NA,NA,NA,NA,NA,NA,NA,80300000,2
2020-10_south-west_BOSS,J14,Biota,Macroalgae,NA,NA,NA,NA,NA,NA,NA,NA,NA,80300903,3
2020-10_south-west_BOSS,J14,Biota,Macroalgae,NA,NA,NA,NA,NA,NA,NA,NA,NA,80300909,1
2020-10_south-west_BOSS,J14,Biota,Macroalgae,NA,NA,NA,NA,NA,NA,NA,NA,NA,80300910,119
2020-10_south-west_BOSS,J14,Biota,Macroalgae,NA,NA,NA,NA,NA,NA,NA,NA,NA,80300922,1
2020-10_south-west_BOSS,J14,Biota,Macroalgae,NA,NA,NA,NA,NA,NA,NA,NA,NA,80300930,7
2020-10_south-west_BOSS,J14,Biota,Seagrasses,NA,NA,NA,NA,NA,NA,Cymodoceaceae,Thalassodendron,spp,63618905,1
2020-10_south-west_BOSS,J14,Biota,Sponges,NA,NA,NA,NA,NA,NA,NA,NA,NA,10000903,6
2020-10_south-west_BOSS,J14,Physical,Substrate,NA,NA,NA,NA,NA,NA,NA,NA,NA,82001001,8
2020-10_south-west_BOSS,J14,Physical,Substrate,NA,NA,NA,NA,NA,NA,NA,NA,NA,82001013,12
2020-10_south-west_BOSS,J15,Biota,Bryozoa,NA,NA,NA,NA,NA,NA,NA,NA,NA,20000000,2
2020-10_south-west_BOSS,J15,Biota,Macroalgae,NA,NA,NA,NA,NA,NA,Lessoniaceae,Ecklonia,radiata,54079009,3
2020-10_south-west_BOSS,J15,Biota,Macroalgae,NA,NA,NA,NA,NA,NA,NA,NA,NA,80300910,118
2020-10_south-west_BOSS,J15,Biota,Macroalgae,NA,NA,NA,NA,NA,NA,NA,NA,NA,80300922,2
2020-10_south-west_BOSS,J15,Biota,Seagrasses,NA,NA,NA,NA,NA,NA,Cymodoceaceae,Thalassodendron,spp,63618905,3
2020-10_south-west_BOSS,J15,Biota,Sessile invertebrates,NA,NA,NA,NA,NA,NA,NA,NA,NA,99900044,12
2020-10_south-west_BOSS,J15,Biota,Sponges,NA,NA,NA,NA,NA,NA,NA,NA,NA,10000000,23
2020-10_south-west_BOSS,J15,Biota,Sponges,NA,NA,NA,NA,NA,NA,NA,NA,NA,10000903,6
2020-10_south-west_BOSS,J15,Physical,Substrate,NA,NA,NA,NA,NA,NA,NA,NA,NA,82001001,17
2020-10_south-west_BOSS,J15,Physical,Substrate,NA,NA,NA,NA,NA,NA,NA,NA,NA,82001013,3
2020-10_south-west_BOSS,J16,Biota,Macroalgae,NA,NA,NA,NA,NA,NA,Lessoniaceae,Ecklonia,radiata,54079009,11
2020-10_south-west_BOSS,J16,Biota,Macroalgae,NA,NA,NA,NA,NA,NA,NA,NA,NA,80300904,3
2020-10_south-west_BOSS,J16,Biota,Macroalgae,NA,NA,NA,NA,NA,NA,NA,NA,NA,80300909,6
2020-10_south-west_BOSS,J16,Biota,Macroalgae,NA,NA,NA,NA,NA,NA,NA,NA,NA,80300910,105
2020-10_south-west_BOSS,J16,Biota,Seagrasses,NA,NA,NA,NA,NA,NA,Cymodoceaceae,Thalassodendron,spp,63618905,3
2020-10_south-west_BOSS,J16,Biota,Sponges,NA,NA,NA,NA,NA,NA,NA,NA,NA,10000903,1
2020-10_south-west_BOSS,J16,Physical,Substrate,NA,NA,NA,NA,NA,NA,NA,NA,NA,82001001,14
2020-10_south-west_BOSS,J16,Physical,Substrate,NA,NA,NA,NA,NA,NA,NA,NA,NA,82001013,22
2020-10_south-west_BOSS,J17,Biota,Macroalgae,NA,NA,NA,NA,NA,NA,Lessoniaceae,Ecklonia,radiata,54079009,14
2020-10_south-west_BOSS,J17,Biota,Macroalgae,NA,NA,NA,NA,NA,NA,NA,NA,NA,80300909,1
2020-10_south-west_BOSS,J17,Biota,Macroalgae,NA,NA,NA,NA,NA,NA,NA,NA,NA,80300910,102
2020-10_south-west_BOSS,J17,Biota,Macroalgae,NA,NA,NA,NA,NA,NA,NA,NA,NA,80300911,2
2020-10_south-west_BOSS,J17,Biota,Macroalgae,NA,NA,NA,NA,NA,NA,NA,NA,NA,80300922,2
2020-10_south-west_BOSS,J17,Biota,Seagrasses,NA,NA,NA,NA,NA,NA,Cymodoceaceae,Thalassodendron,spp,63618905,47
2020-10_south-west_BOSS,J17,Biota,Sponges,NA,NA,NA,NA,NA,NA,NA,NA,NA,10000000,1
2020-10_south-west_BOSS,J17,Physical,Substrate,NA,NA,NA,NA,NA,NA,NA,NA,NA,82001001,10
2020-10_south-west_BOSS,J17,Physical,Substrate,NA,NA,NA,NA,NA,NA,NA,NA,NA,82001013,5
2020-10_south-west_BOSS,J18,Biota,Macroalgae,NA,NA,NA,NA,NA,NA,Lessoniaceae,Ecklonia,radiata,54079009,5
2020-10_south-west_BOSS,J18,Biota,Macroalgae,NA,NA,NA,NA,NA,NA,NA,NA,NA,80300000,2
2020-10_south-west_BOSS,J18,Biota,Macroalgae,NA,NA,NA,NA,NA,NA,NA,NA,NA,80300904,7
2020-10_south-west_BOSS,J18,Biota,Macroalgae,NA,NA,NA,NA,NA,NA,NA,NA,NA,80300909,3
2020-10_south-west_BOSS,J18,Biota,Macroalgae,NA,NA,NA,NA,NA,NA,NA,NA,NA,80300910,104
2020-10_south-west_BOSS,J18,Biota,Seagrasses,NA,NA,NA,NA,NA,NA,Cymodoceaceae,Thalassodendron,spp,63618905,5
2020-10_south-west_BOSS,J18,Biota,Sponges,NA,NA,NA,NA,NA,NA,NA,NA,NA,10000000,2
2020-10_south-west_BOSS,J18,Biota,Sponges,NA,NA,NA,NA,NA,NA,NA,NA,NA,10000903,1
2020-10_south-west_BOSS,J18,Physical,Substrate,NA,NA,NA,NA,NA,NA,NA,NA,NA,82001001,8
2020-10_south-west_BOSS,J18,Physical,Substrate,NA,NA,NA,NA,NA,NA,NA,NA,NA,82001013,3
2020-10_south-west_BOSS,J19,Biota,Macroalgae,NA,NA,NA,NA,NA,NA,Lessoniaceae,Ecklonia,radiata,54079009,3
2020-10_south-west_BOSS,J19,Biota,Macroalgae,NA,NA,NA,NA,NA,NA,NA,NA,NA,80300000,1
2020-10_south-west_BOSS,J19,Biota,Macroalgae,NA,NA,NA,NA,NA,NA,NA,NA,NA,80300904,1
2020-10_south-west_BOSS,J19,Biota,Macroalgae,NA,NA,NA,NA,NA,NA,NA,NA,NA,80300909,1
2020-10_south-west_BOSS,J19,Biota,Macroalgae,NA,NA,NA,NA,NA,NA,NA,NA,NA,80300910,113
2020-10_south-west_BOSS,J19,Biota,Seagrasses,NA,NA,NA,NA,NA,NA,Cymodoceaceae,Thalassodendron,spp,63618905,5
2020-10_south-west_BOSS,J19,Biota,Sponges,NA,NA,NA,NA,NA,NA,NA,NA,NA,10000000,4
2020-10_south-west_BOSS,J19,Biota,Sponges,NA,NA,NA,NA,NA,NA,NA,NA,NA,10000903,4
2020-10_south-west_BOSS,J19,Biota,Sponges,NA,NA,NA,NA,NA,NA,NA,NA,NA,10000912,1
2020-10_south-west_BOSS,J19,Physical,Substrate,NA,NA,NA,NA,NA,NA,NA,NA,NA,82001001,23
2020-10_south-west_BOSS,J19,Physical,Substrate,NA,NA,NA,NA,NA,NA,NA,NA,NA,82001013,3
2020-10_south-west_BOSS,J2,Biota,Macroalgae,NA,NA,NA,NA,NA,NA,Lessoniaceae,Ecklonia,radiata,54079009,3
2020-10_south-west_BOSS,J2,Biota,Macroalgae,NA,NA,NA,NA,NA,NA,NA,NA,NA,80300000,2
2020-10_south-west_BOSS,J2,Biota,Macroalgae,NA,NA,NA,NA,NA,NA,NA,NA,NA,80300904,4
2020-10_south-west_BOSS,J2,Biota,Macroalgae,NA,NA,NA,NA,NA,NA,NA,NA,NA,80300905,2
2020-10_south-west_BOSS,J2,Biota,Macroalgae,NA,NA,NA,NA,NA,NA,NA,NA,NA,80300909,4
2020-10_south-west_BOSS,J2,Biota,Macroalgae,NA,NA,NA,NA,NA,NA,NA,NA,NA,80300910,33
2020-10_south-west_BOSS,J2,Biota,Macroalgae,NA,NA,NA,NA,NA,NA,NA,NA,NA,80300930,8
2020-10_south-west_BOSS,J2,Biota,Seagrasses,NA,NA,NA,NA,NA,NA,Cymodoceaceae,Thalassodendron,spp,63618905,54
2020-10_south-west_BOSS,J2,Biota,Sponges,NA,NA,NA,NA,NA,NA,NA,NA,NA,10000000,9
2020-10_south-west_BOSS,J2,Biota,Sponges,NA,NA,NA,NA,NA,NA,NA,NA,NA,10000903,5
2020-10_south-west_BOSS,J2,Physical,Substrate,NA,NA,NA,NA,NA,NA,NA,NA,NA,82001001,7
2020-10_south-west_BOSS,J2,Physical,Substrate,NA,NA,NA,NA,NA,NA,NA,NA,NA,82001013,16
2020-10_south-west_BOSS,J20,Biota,Macroalgae,NA,NA,NA,NA,NA,NA,Lessoniaceae,Ecklonia,radiata,54079009,7
2020-10_south-west_BOSS,J20,Biota,Macroalgae,NA,NA,NA,NA,NA,NA,NA,NA,NA,80300909,15
2020-10_south-west_BOSS,J20,Biota,Macroalgae,NA,NA,NA,NA,NA,NA,NA,NA,NA,80300910,43
2020-10_south-west_BOSS,J20,Biota,Seagrasses,NA,NA,NA,NA,NA,NA,Cymodoceaceae,Thalassodendron,spp,63618905,8
2020-10_south-west_BOSS,J20,Biota,Sponges,NA,NA,NA,NA,NA,NA,NA,NA,NA,10000000,8
2020-10_south-west_BOSS,J20,Biota,Sponges,NA,NA,NA,NA,NA,NA,NA,NA,NA,10000903,3
2020-10_south-west_BOSS,J20,Biota,Sponges,NA,NA,NA,NA,NA,NA,NA,NA,NA,10000912,1
2020-10_south-west_BOSS,J20,Physical,Substrate,NA,NA,NA,NA,NA,NA,NA,NA,NA,82001001,70
2020-10_south-west_BOSS,J20,Physical,Substrate,NA,NA,NA,NA,NA,NA,NA,NA,NA,82001013,8
2020-10_south-west_BOSS,J21,Biota,Macroalgae,NA,NA,NA,NA,NA,NA,Lessoniaceae,Ecklonia,radiata,54079009,9
2020-10_south-west_BOSS,J21,Biota,Macroalgae,NA,NA,NA,NA,NA,NA,Seirococcaceae,Scytothalia,dorycarpa,54102005,1
2020-10_south-west_BOSS,J21,Biota,Macroalgae,NA,NA,NA,NA,NA,NA,NA,NA,NA,80300904,7
2020-10_south-west_BOSS,J21,Biota,Macroalgae,NA,NA,NA,NA,NA,NA,NA,NA,NA,80300909,1
2020-10_south-west_BOSS,J21,Biota,Macroalgae,NA,NA,NA,NA,NA,NA,NA,NA,NA,80300910,92
2020-10_south-west_BOSS,J21,Biota,Seagrasses,NA,NA,NA,NA,NA,NA,Cymodoceaceae,Thalassodendron,spp,63618905,7
2020-10_south-west_BOSS,J21,Biota,Sponges,NA,NA,NA,NA,NA,NA,NA,NA,NA,10000000,2
2020-10_south-west_BOSS,J21,Biota,Sponges,NA,NA,NA,NA,NA,NA,NA,NA,NA,10000903,1
2020-10_south-west_BOSS,J21,Physical,Substrate,NA,NA,NA,NA,NA,NA,NA,NA,NA,82001001,32
2020-10_south-west_BOSS,J21,Physical,Substrate,NA,NA,NA,NA,NA,NA,NA,NA,NA,82001013,26
2020-10_south-west_BOSS,J22,Biota,Macroalgae,NA,NA,NA,NA,NA,NA,Lessoniaceae,Ecklonia,radiata,54079009,2
2020-10_south-west_BOSS,J22,Biota,Macroalgae,NA,NA,NA,NA,NA,NA,NA,NA,NA,80300000,5
2020-10_south-west_BOSS,J22,Biota,Macroalgae,NA,NA,NA,NA,NA,NA,NA,NA,NA,80300910,72
2020-10_south-west_BOSS,J22,Biota,Macroalgae,NA,NA,NA,NA,NA,NA,NA,NA,NA,80300922,3
2020-10_south-west_BOSS,J22,Biota,Seagrasses,NA,NA,NA,NA,NA,NA,Cymodoceaceae,Thalassodendron,spp,63618905,1
2020-10_south-west_BOSS,J22,Biota,Sponges,NA,NA,NA,NA,NA,NA,NA,NA,NA,10000903,6
2020-10_south-west_BOSS,J22,Biota,Sponges,NA,NA,NA,NA,NA,NA,NA,NA,NA,10000912,1
2020-10_south-west_BOSS,J22,Physical,Substrate,NA,NA,NA,NA,NA,NA,NA,NA,NA,82001001,43
2020-10_south-west_BOSS,J22,Physical,Substrate,NA,NA,NA,NA,NA,NA,NA,NA,NA,82001013,5
2020-10_south-west_BOSS,J24,Biota,Macroalgae,NA,NA,NA,NA,NA,NA,Lessoniaceae,Ecklonia,radiata,54079009,2
2020-10_south-west_BOSS,J24,Biota,Macroalgae,NA,NA,NA,NA,NA,NA,NA,NA,NA,80300904,4
2020-10_south-west_BOSS,J24,Biota,Macroalgae,NA,NA,NA,NA,NA,NA,NA,NA,NA,80300906,10
2020-10_south-west_BOSS,J24,Biota,Macroalgae,NA,NA,NA,NA,NA,NA,NA,NA,NA,80300909,11
2020-10_south-west_BOSS,J24,Biota,Macroalgae,NA,NA,NA,NA,NA,NA,NA,NA,NA,80300910,54
2020-10_south-west_BOSS,J24,Biota,Seagrasses,NA,NA,NA,NA,NA,NA,Cymodoceaceae,Thalassodendron,spp,63618905,4
2020-10_south-west_BOSS,J24,Physical,Substrate,NA,NA,NA,NA,NA,NA,NA,NA,NA,82001001,11
2020-10_south-west_BOSS,J24,Physical,Substrate,NA,NA,NA,NA,NA,NA,NA,NA,NA,82001005,3
2020-10_south-west_BOSS,J24,Physical,Substrate,NA,NA,NA,NA,NA,NA,NA,NA,NA,82001013,49
2020-10_south-west_BOSS,J25,Biota,Macroalgae,NA,NA,NA,NA,NA,NA,Lessoniaceae,Ecklonia,radiata,54079009,3
2020-10_south-west_BOSS,J25,Biota,Macroalgae,NA,NA,NA,NA,NA,NA,NA,NA,NA,80300904,3
2020-10_south-west_BOSS,J25,Biota,Macroalgae,NA,NA,NA,NA,NA,NA,NA,NA,NA,80300910,97
2020-10_south-west_BOSS,J25,Biota,Seagrasses,NA,NA,NA,NA,NA,NA,Cymodoceaceae,Thalassodendron,spp,63618905,33
2020-10_south-west_BOSS,J25,Biota,Sponges,NA,NA,NA,NA,NA,NA,NA,NA,NA,10000000,1
2020-10_south-west_BOSS,J25,Biota,Sponges,NA,NA,NA,NA,NA,NA,NA,NA,NA,10000903,2
2020-10_south-west_BOSS,J25,Physical,Substrate,NA,NA,NA,NA,NA,NA,NA,NA,NA,82001001,14
2020-10_south-west_BOSS,J25,Physical,Substrate,NA,NA,NA,NA,NA,NA,NA,NA,NA,82001013,10
2020-10_south-west_BOSS,J26,Biota,Macroalgae,NA,NA,NA,NA,NA,NA,NA,NA,NA,80300909,12
2020-10_south-west_BOSS,J26,Biota,Macroalgae,NA,NA,NA,NA,NA,NA,NA,NA,NA,80300910,99
2020-10_south-west_BOSS,J26,Biota,Seagrasses,NA,NA,NA,NA,NA,NA,Cymodoceaceae,Thalassodendron,spp,63618905,8
2020-10_south-west_BOSS,J26,Biota,Sponges,NA,NA,NA,NA,NA,NA,NA,NA,NA,10000000,4
2020-10_south-west_BOSS,J26,Biota,Sponges,NA,NA,NA,NA,NA,NA,NA,NA,NA,10000903,5
2020-10_south-west_BOSS,J26,Physical,Substrate,NA,NA,NA,NA,NA,NA,NA,NA,NA,82001001,16
2020-10_south-west_BOSS,J26,Physical,Substrate,NA,NA,NA,NA,NA,NA,NA,NA,NA,82001013,7
2020-10_south-west_BOSS,J27,Biota,Macroalgae,NA,NA,NA,NA,NA,NA,Lessoniaceae,Ecklonia,radiata,54079009,3
2020-10_south-west_BOSS,J27,Biota,Macroalgae,NA,NA,NA,NA,NA,NA,NA,NA,NA,80300904,1
2020-10_south-west_BOSS,J27,Biota,Macroalgae,NA,NA,NA,NA,NA,NA,NA,NA,NA,80300905,4
2020-10_south-west_BOSS,J27,Biota,Macroalgae,NA,NA,NA,NA,NA,NA,NA,NA,NA,80300909,1
2020-10_south-west_BOSS,J27,Biota,Macroalgae,NA,NA,NA,NA,NA,NA,NA,NA,NA,80300910,140
2020-10_south-west_BOSS,J27,Biota,Seagrasses,NA,NA,NA,NA,NA,NA,Cymodoceaceae,Thalassodendron,spp,63618905,6
2020-10_south-west_BOSS,J27,Biota,Sponges,NA,NA,NA,NA,NA,NA,NA,NA,NA,10000000,2
2020-10_south-west_BOSS,J27,Physical,Substrate,NA,NA,NA,NA,NA,NA,NA,NA,NA,82001001,4
2020-10_south-west_BOSS,J27,Physical,Substrate,NA,NA,NA,NA,NA,NA,NA,NA,NA,82001013,1
2020-10_south-west_BOSS,J28,Biota,Macroalgae,NA,NA,NA,NA,NA,NA,Lessoniaceae,Ecklonia,radiata,54079009,16
2020-10_south-west_BOSS,J28,Biota,Macroalgae,NA,NA,NA,NA,NA,NA,NA,NA,NA,80300909,4
2020-10_south-west_BOSS,J28,Biota,Macroalgae,NA,NA,NA,NA,NA,NA,NA,NA,NA,80300910,86
2020-10_south-west_BOSS,J28,Biota,Macroalgae,NA,NA,NA,NA,NA,NA,NA,NA,NA,80300930,3
2020-10_south-west_BOSS,J28,Biota,Seagrasses,NA,NA,NA,NA,NA,NA,Cymodoceaceae,Thalassodendron,spp,63618905,19
2020-10_south-west_BOSS,J28,Biota,Sponges,NA,NA,NA,NA,NA,NA,NA,NA,NA,10000000,8
2020-10_south-west_BOSS,J28,Biota,Sponges,NA,NA,NA,NA,NA,NA,NA,NA,NA,10000903,10
2020-10_south-west_BOSS,J28,Physical,Substrate,NA,NA,NA,NA,NA,NA,NA,NA,NA,82001001,20
2020-10_south-west_BOSS,J28,Physical,Substrate,NA,NA,NA,NA,NA,NA,NA,NA,NA,82001013,6
2020-10_south-west_BOSS,J29,Biota,Macroalgae,NA,NA,NA,NA,NA,NA,Lessoniaceae,Ecklonia,radiata,54079009,16
2020-10_south-west_BOSS,J29,Biota,Macroalgae,NA,NA,NA,NA,NA,NA,NA,NA,NA,80300000,3
2020-10_south-west_BOSS,J29,Biota,Macroalgae,NA,NA,NA,NA,NA,NA,NA,NA,NA,80300902,8
2020-10_south-west_BOSS,J29,Biota,Macroalgae,NA,NA,NA,NA,NA,NA,NA,NA,NA,80300904,4
2020-10_south-west_BOSS,J29,Biota,Macroalgae,NA,NA,NA,NA,NA,NA,NA,NA,NA,80300905,5
2020-10_south-west_BOSS,J29,Biota,Macroalgae,NA,NA,NA,NA,NA,NA,NA,NA,NA,80300910,57
2020-10_south-west_BOSS,J29,Biota,Macroalgae,NA,NA,NA,NA,NA,NA,NA,NA,NA,80300930,7
2020-10_south-west_BOSS,J29,Biota,Seagrasses,NA,NA,NA,NA,NA,NA,Cymodoceaceae,Thalassodendron,spp,63618905,30
2020-10_south-west_BOSS,J29,Biota,Sponges,NA,NA,NA,NA,NA,NA,NA,NA,NA,10000000,2
2020-10_south-west_BOSS,J29,Biota,Sponges,NA,NA,NA,NA,NA,NA,NA,NA,NA,10000903,3
2020-10_south-west_BOSS,J29,Physical,Substrate,NA,NA,NA,NA,NA,NA,NA,NA,NA,82001001,11
2020-10_south-west_BOSS,J29,Physical,Substrate,NA,NA,NA,NA,NA,NA,NA,NA,NA,82001013,37
2020-10_south-west_BOSS,J3,Biota,Bryozoa,NA,NA,NA,NA,NA,NA,NA,NA,NA,20000000,1
2020-10_south-west_BOSS,J3,Biota,Cnidaria,NA,NA,NA,NA,NA,NA,NA,NA,NA,11001000,1
2020-10_south-west_BOSS,J3,Biota,Macroalgae,NA,NA,NA,NA,NA,NA,Lessoniaceae,Ecklonia,radiata,54079009,5
2020-10_south-west_BOSS,J3,Biota,Macroalgae,NA,NA,NA,NA,NA,NA,NA,NA,NA,80300000,5
2020-10_south-west_BOSS,J3,Biota,Macroalgae,NA,NA,NA,NA,NA,NA,NA,NA,NA,80300904,2
2020-10_south-west_BOSS,J3,Biota,Macroalgae,NA,NA,NA,NA,NA,NA,NA,NA,NA,80300905,6
2020-10_south-west_BOSS,J3,Biota,Macroalgae,NA,NA,NA,NA,NA,NA,NA,NA,NA,80300909,8
2020-10_south-west_BOSS,J3,Biota,Macroalgae,NA,NA,NA,NA,NA,NA,NA,NA,NA,80300910,41
2020-10_south-west_BOSS,J3,Biota,Seagrasses,NA,NA,NA,NA,NA,NA,Cymodoceaceae,Thalassodendron,spp,63618905,36
2020-10_south-west_BOSS,J3,Biota,Sponges,NA,NA,NA,NA,NA,NA,NA,NA,NA,10000000,37
2020-10_south-west_BOSS,J3,Biota,Sponges,NA,NA,NA,NA,NA,NA,NA,NA,NA,10000903,11
2020-10_south-west_BOSS,J3,Physical,Substrate,NA,NA,NA,NA,NA,NA,NA,NA,NA,82001001,11
2020-10_south-west_BOSS,J3,Physical,Substrate,NA,NA,NA,NA,NA,NA,NA,NA,NA,82001013,1
2020-10_south-west_BOSS,J30,Biota,Cnidaria,NA,NA,NA,NA,NA,NA,NA,NA,NA,11290907,3
2020-10_south-west_BOSS,J30,Biota,Macroalgae,NA,NA,NA,NA,NA,NA,Lessoniaceae,Ecklonia,radiata,54079009,33
2020-10_south-west_BOSS,J30,Biota,Macroalgae,NA,NA,NA,NA,NA,NA,NA,NA,NA,80300000,1
2020-10_south-west_BOSS,J30,Biota,Macroalgae,NA,NA,NA,NA,NA,NA,NA,NA,NA,80300904,9
2020-10_south-west_BOSS,J30,Biota,Macroalgae,NA,NA,NA,NA,NA,NA,NA,NA,NA,80300909,1
2020-10_south-west_BOSS,J30,Biota,Macroalgae,NA,NA,NA,NA,NA,NA,NA,NA,NA,80300910,67
2020-10_south-west_BOSS,J30,Biota,Macroalgae,NA,NA,NA,NA,NA,NA,NA,NA,NA,80300930,1
2020-10_south-west_BOSS,J30,Biota,Seagrasses,NA,NA,NA,NA,NA,NA,Cymodoceaceae,Thalassodendron,spp,63618905,43
2020-10_south-west_BOSS,J30,Biota,Sponges,NA,NA,NA,NA,NA,NA,NA,NA,NA,10000000,4
2020-10_south-west_BOSS,J30,Physical,Substrate,NA,NA,NA,NA,NA,NA,NA,NA,NA,82001001,17
2020-10_south-west_BOSS,J31,Biota,Macroalgae,NA,NA,NA,NA,NA,NA,Lessoniaceae,Ecklonia,radiata,54079009,11
2020-10_south-west_BOSS,J31,Biota,Macroalgae,NA,NA,NA,NA,NA,NA,NA,NA,NA,80300000,4
2020-10_south-west_BOSS,J31,Biota,Macroalgae,NA,NA,NA,NA,NA,NA,NA,NA,NA,80300904,1
2020-10_south-west_BOSS,J31,Biota,Macroalgae,NA,NA,NA,NA,NA,NA,NA,NA,NA,80300906,1
2020-10_south-west_BOSS,J31,Biota,Macroalgae,NA,NA,NA,NA,NA,NA,NA,NA,NA,80300909,24
2020-10_south-west_BOSS,J31,Biota,Macroalgae,NA,NA,NA,NA,NA,NA,NA,NA,NA,80300910,49
2020-10_south-west_BOSS,J31,Biota,Macroalgae,NA,NA,NA,NA,NA,NA,NA,NA,NA,80300930,2
2020-10_south-west_BOSS,J31,Biota,Seagrasses,NA,NA,NA,NA,NA,NA,Cymodoceaceae,Thalassodendron,spp,63618905,37
2020-10_south-west_BOSS,J31,Biota,Sponges,NA,NA,NA,NA,NA,NA,NA,NA,NA,10000000,5
2020-10_south-west_BOSS,J31,Biota,Sponges,NA,NA,NA,NA,NA,NA,NA,NA,NA,10000903,5
2020-10_south-west_BOSS,J31,Biota,Sponges,NA,NA,NA,NA,NA,NA,NA,NA,NA,10000912,1
2020-10_south-west_BOSS,J31,Physical,Substrate,NA,NA,NA,NA,NA,NA,NA,NA,NA,82001001,20
2020-10_south-west_BOSS,J31,Physical,Substrate,NA,NA,NA,NA,NA,NA,NA,NA,NA,82001013,4
2020-10_south-west_BOSS,J32,Biota,Macroalgae,NA,NA,NA,NA,NA,NA,Lessoniaceae,Ecklonia,radiata,54079009,49
2020-10_south-west_BOSS,J32,Biota,Macroalgae,NA,NA,NA,NA,NA,NA,NA,NA,NA,80300000,3
2020-10_south-west_BOSS,J32,Biota,Macroalgae,NA,NA,NA,NA,NA,NA,NA,NA,NA,80300904,3
2020-10_south-west_BOSS,J32,Biota,Macroalgae,NA,NA,NA,NA,NA,NA,NA,NA,NA,80300910,61
2020-10_south-west_BOSS,J32,Biota,Seagrasses,NA,NA,NA,NA,NA,NA,Cymodoceaceae,Thalassodendron,spp,63618905,22
2020-10_south-west_BOSS,J32,Biota,Sponges,NA,NA,NA,NA,NA,NA,NA,NA,NA,10000000,1
2020-10_south-west_BOSS,J32,Biota,Sponges,NA,NA,NA,NA,NA,NA,NA,NA,NA,10000903,2
2020-10_south-west_BOSS,J32,Physical,Substrate,NA,NA,NA,NA,NA,NA,NA,NA,NA,82001001,11
2020-10_south-west_BOSS,J32,Physical,Substrate,NA,NA,NA,NA,NA,NA,NA,NA,NA,82001013,18
2020-10_south-west_BOSS,J33,Biota,Macroalgae,NA,NA,NA,NA,NA,NA,Lessoniaceae,Ecklonia,radiata,54079009,7
2020-10_south-west_BOSS,J33,Biota,Macroalgae,NA,NA,NA,NA,NA,NA,NA,NA,NA,80300000,7
2020-10_south-west_BOSS,J33,Biota,Macroalgae,NA,NA,NA,NA,NA,NA,NA,NA,NA,80300910,85
2020-10_south-west_BOSS,J33,Biota,Macroalgae,NA,NA,NA,NA,NA,NA,NA,NA,NA,80300918,1
2020-10_south-west_BOSS,J33,Biota,Seagrasses,NA,NA,NA,NA,NA,NA,Cymodoceaceae,Thalassodendron,spp,63618905,5
2020-10_south-west_BOSS,J33,Biota,Sponges,NA,NA,NA,NA,NA,NA,NA,NA,NA,10000000,5
2020-10_south-west_BOSS,J33,Biota,Sponges,NA,NA,NA,NA,NA,NA,NA,NA,NA,10000903,3
2020-10_south-west_BOSS,J33,Physical,Substrate,NA,NA,NA,NA,NA,NA,NA,NA,NA,82001001,34
2020-10_south-west_BOSS,J33,Physical,Substrate,NA,NA,NA,NA,NA,NA,NA,NA,NA,82001013,9
2020-10_south-west_BOSS,J34,Biota,Macroalgae,NA,NA,NA,NA,NA,NA,Lessoniaceae,Ecklonia,radiata,54079009,35
2020-10_south-west_BOSS,J34,Biota,Macroalgae,NA,NA,NA,NA,NA,NA,NA,NA,NA,80300904,1
2020-10_south-west_BOSS,J34,Biota,Macroalgae,NA,NA,NA,NA,NA,NA,NA,NA,NA,80300910,94
2020-10_south-west_BOSS,J34,Biota,Macroalgae,NA,NA,NA,NA,NA,NA,NA,NA,NA,80300922,1
2020-10_south-west_BOSS,J34,Biota,Seagrasses,NA,NA,NA,NA,NA,NA,Cymodoceaceae,Thalassodendron,spp,63618905,5
2020-10_south-west_BOSS,J34,Biota,Sponges,NA,NA,NA,NA,NA,NA,NA,NA,NA,10000000,4
2020-10_south-west_BOSS,J34,Biota,Sponges,NA,NA,NA,NA,NA,NA,NA,NA,NA,10000903,2
2020-10_south-west_BOSS,J34,Physical,Substrate,NA,NA,NA,NA,NA,NA,NA,NA,NA,82001001,33
2020-10_south-west_BOSS,J34,Physical,Substrate,NA,NA,NA,NA,NA,NA,NA,NA,NA,82001013,8
2020-10_south-west_BOSS,J35,Biota,Cnidaria,NA,NA,NA,NA,NA,NA,NA,NA,NA,11290911,1
2020-10_south-west_BOSS,J35,Biota,Macroalgae,NA,NA,NA,NA,NA,NA,Lessoniaceae,Ecklonia,radiata,54079009,9
2020-10_south-west_BOSS,J35,Biota,Macroalgae,NA,NA,NA,NA,NA,NA,NA,NA,NA,80300000,1
2020-10_south-west_BOSS,J35,Biota,Macroalgae,NA,NA,NA,NA,NA,NA,NA,NA,NA,80300909,8
2020-10_south-west_BOSS,J35,Biota,Macroalgae,NA,NA,NA,NA,NA,NA,NA,NA,NA,80300910,47
2020-10_south-west_BOSS,J35,Biota,Seagrasses,NA,NA,NA,NA,NA,NA,Cymodoceaceae,Thalassodendron,spp,63618905,3
2020-10_south-west_BOSS,J35,Biota,Sponges,NA,NA,NA,NA,NA,NA,NA,NA,NA,10000000,2
2020-10_south-west_BOSS,J35,Biota,Sponges,NA,NA,NA,NA,NA,NA,NA,NA,NA,10000912,2
2020-10_south-west_BOSS,J35,Physical,Substrate,NA,NA,NA,NA,NA,NA,NA,NA,NA,82001001,67
2020-10_south-west_BOSS,J35,Physical,Substrate,NA,NA,NA,NA,NA,NA,NA,NA,NA,82001012,4
2020-10_south-west_BOSS,J35,Physical,Substrate,NA,NA,NA,NA,NA,NA,NA,NA,NA,82001013,30
2020-10_south-west_BOSS,J36,Biota,Macroalgae,NA,NA,NA,NA,NA,NA,Lessoniaceae,Ecklonia,radiata,54079009,5
2020-10_south-west_BOSS,J36,Biota,Macroalgae,NA,NA,NA,NA,NA,NA,NA,NA,NA,80300904,1
2020-10_south-west_BOSS,J36,Biota,Macroalgae,NA,NA,NA,NA,NA,NA,NA,NA,NA,80300909,4
2020-10_south-west_BOSS,J36,Biota,Macroalgae,NA,NA,NA,NA,NA,NA,NA,NA,NA,80300910,88
2020-10_south-west_BOSS,J36,Biota,Seagrasses,NA,NA,NA,NA,NA,NA,Cymodoceaceae,Thalassodendron,spp,63618905,4
2020-10_south-west_BOSS,J36,Biota,Sponges,NA,NA,NA,NA,NA,NA,NA,NA,NA,10000000,2
2020-10_south-west_BOSS,J36,Biota,Sponges,NA,NA,NA,NA,NA,NA,NA,NA,NA,10000912,2
2020-10_south-west_BOSS,J36,Physical,Substrate,NA,NA,NA,NA,NA,NA,NA,NA,NA,82001001,43
2020-10_south-west_BOSS,J36,Physical,Substrate,NA,NA,NA,NA,NA,NA,NA,NA,NA,82001013,5
2020-10_south-west_BOSS,J37,Biota,Macroalgae,NA,NA,NA,NA,NA,NA,Lessoniaceae,Ecklonia,radiata,54079009,6
2020-10_south-west_BOSS,J37,Biota,Macroalgae,NA,NA,NA,NA,NA,NA,NA,NA,NA,80300902,7
2020-10_south-west_BOSS,J37,Biota,Macroalgae,NA,NA,NA,NA,NA,NA,NA,NA,NA,80300904,2
2020-10_south-west_BOSS,J37,Biota,Macroalgae,NA,NA,NA,NA,NA,NA,NA,NA,NA,80300905,10
2020-10_south-west_BOSS,J37,Biota,Macroalgae,NA,NA,NA,NA,NA,NA,NA,NA,NA,80300909,4
2020-10_south-west_BOSS,J37,Biota,Macroalgae,NA,NA,NA,NA,NA,NA,NA,NA,NA,80300910,36
2020-10_south-west_BOSS,J37,Biota,Macroalgae,NA,NA,NA,NA,NA,NA,NA,NA,NA,80300922,1
2020-10_south-west_BOSS,J37,Biota,Seagrasses,NA,NA,NA,NA,NA,NA,Cymodoceaceae,Thalassodendron,spp,63618905,1
2020-10_south-west_BOSS,J37,Biota,Sponges,NA,NA,NA,NA,NA,NA,NA,NA,NA,10000000,3
2020-10_south-west_BOSS,J37,Biota,Sponges,NA,NA,NA,NA,NA,NA,NA,NA,NA,10000903,2
2020-10_south-west_BOSS,J37,Physical,Substrate,NA,NA,NA,NA,NA,NA,NA,NA,NA,82001001,34
2020-10_south-west_BOSS,J37,Physical,Substrate,NA,NA,NA,NA,NA,NA,NA,NA,NA,82001012,13
2020-10_south-west_BOSS,J37,Physical,Substrate,NA,NA,NA,NA,NA,NA,NA,NA,NA,82001013,62
2020-10_south-west_BOSS,J38,Biota,Macroalgae,NA,NA,NA,NA,NA,NA,Lessoniaceae,Ecklonia,radiata,54079009,4
2020-10_south-west_BOSS,J38,Biota,Macroalgae,NA,NA,NA,NA,NA,NA,NA,NA,NA,80300000,14
2020-10_south-west_BOSS,J38,Biota,Macroalgae,NA,NA,NA,NA,NA,NA,NA,NA,NA,80300902,36
2020-10_south-west_BOSS,J38,Biota,Macroalgae,NA,NA,NA,NA,NA,NA,NA,NA,NA,80300910,4
2020-10_south-west_BOSS,J38,Biota,Macroalgae,NA,NA,NA,NA,NA,NA,NA,NA,NA,80300922,2
2020-10_south-west_BOSS,J38,Biota,Sponges,NA,NA,NA,NA,NA,NA,NA,NA,NA,10000000,3
2020-10_south-west_BOSS,J38,Physical,Substrate,NA,NA,NA,NA,NA,NA,NA,NA,NA,82001012,4
2020-10_south-west_BOSS,J38,Physical,Substrate,NA,NA,NA,NA,NA,NA,NA,NA,NA,82001013,99
2020-10_south-west_BOSS,J4,Biota,Macroalgae,NA,NA,NA,NA,NA,NA,Lessoniaceae,Ecklonia,radiata,54079009,8
2020-10_south-west_BOSS,J4,Biota,Macroalgae,NA,NA,NA,NA,NA,NA,NA,NA,NA,80300909,6
2020-10_south-west_BOSS,J4,Biota,Macroalgae,NA,NA,NA,NA,NA,NA,NA,NA,NA,80300910,99
2020-10_south-west_BOSS,J4,Biota,Macroalgae,NA,NA,NA,NA,NA,NA,NA,NA,NA,80300922,1
2020-10_south-west_BOSS,J4,Biota,Sponges,NA,NA,NA,NA,NA,NA,NA,NA,NA,10000000,7
2020-10_south-west_BOSS,J4,Biota,Sponges,NA,NA,NA,NA,NA,NA,NA,NA,NA,10000903,3
2020-10_south-west_BOSS,J4,Physical,Substrate,NA,NA,NA,NA,NA,NA,NA,NA,NA,82001001,11
2020-10_south-west_BOSS,J4,Physical,Substrate,NA,NA,NA,NA,NA,NA,NA,NA,NA,82001013,7
2020-10_south-west_BOSS,J5,Biota,Macroalgae,NA,NA,NA,NA,NA,NA,Lessoniaceae,Ecklonia,radiata,54079009,2
2020-10_south-west_BOSS,J5,Biota,Macroalgae,NA,NA,NA,NA,NA,NA,NA,NA,NA,80300000,1
2020-10_south-west_BOSS,J5,Biota,Macroalgae,NA,NA,NA,NA,NA,NA,NA,NA,NA,80300904,1
2020-10_south-west_BOSS,J5,Biota,Macroalgae,NA,NA,NA,NA,NA,NA,NA,NA,NA,80300909,18
2020-10_south-west_BOSS,J5,Biota,Macroalgae,NA,NA,NA,NA,NA,NA,NA,NA,NA,80300910,128
2020-10_south-west_BOSS,J5,Biota,Seagrasses,NA,NA,NA,NA,NA,NA,Cymodoceaceae,Thalassodendron,spp,63618905,3
2020-10_south-west_BOSS,J5,Biota,Sponges,NA,NA,NA,NA,NA,NA,NA,NA,NA,10000000,1
2020-10_south-west_BOSS,J5,Physical,Substrate,NA,NA,NA,NA,NA,NA,NA,NA,NA,82001001,4
2020-10_south-west_BOSS,J5,Physical,Substrate,NA,NA,NA,NA,NA,NA,NA,NA,NA,82001013,7
2020-10_south-west_BOSS,J6,Biota,Macroalgae,NA,NA,NA,NA,NA,NA,Lessoniaceae,Ecklonia,radiata,54079009,107
2020-10_south-west_BOSS,J6,Biota,Macroalgae,NA,NA,NA,NA,NA,NA,NA,NA,NA,80300000,12
2020-10_south-west_BOSS,J6,Biota,Macroalgae,NA,NA,NA,NA,NA,NA,NA,NA,NA,80300910,1
2020-10_south-west_BOSS,J6,Biota,Macroalgae,NA,NA,NA,NA,NA,NA,NA,NA,NA,80300929,7
2020-10_south-west_BOSS,J6,Biota,Sponges,NA,NA,NA,NA,NA,NA,NA,NA,NA,10000000,11
2020-10_south-west_BOSS,J7,Biota,Macroalgae,NA,NA,NA,NA,NA,NA,Lessoniaceae,Ecklonia,radiata,54079009,8
2020-10_south-west_BOSS,J7,Biota,Macroalgae,NA,NA,NA,NA,NA,NA,NA,NA,NA,80300000,1
2020-10_south-west_BOSS,J7,Biota,Macroalgae,NA,NA,NA,NA,NA,NA,NA,NA,NA,80300904,1
2020-10_south-west_BOSS,J7,Biota,Macroalgae,NA,NA,NA,NA,NA,NA,NA,NA,NA,80300909,10
2020-10_south-west_BOSS,J7,Biota,Macroalgae,NA,NA,NA,NA,NA,NA,NA,NA,NA,80300910,25
2020-10_south-west_BOSS,J7,Biota,Macroalgae,NA,NA,NA,NA,NA,NA,NA,NA,NA,80300922,3
2020-10_south-west_BOSS,J7,Biota,Seagrasses,NA,NA,NA,NA,NA,NA,Cymodoceaceae,Thalassodendron,spp,63618905,38
2020-10_south-west_BOSS,J7,Biota,Sponges,NA,NA,NA,NA,NA,NA,NA,NA,NA,10000000,4
2020-10_south-west_BOSS,J7,Biota,Sponges,NA,NA,NA,NA,NA,NA,NA,NA,NA,10000903,4
2020-10_south-west_BOSS,J7,Physical,Substrate,NA,NA,NA,NA,NA,NA,NA,NA,NA,82001001,44
2020-10_south-west_BOSS,J7,Physical,Substrate,NA,NA,NA,NA,NA,NA,NA,NA,NA,82001013,21
2020-10_south-west_BOSS,J8,Biota,Macroalgae,NA,NA,NA,NA,NA,NA,Lessoniaceae,Ecklonia,radiata,54079009,8
2020-10_south-west_BOSS,J8,Biota,Macroalgae,NA,NA,NA,NA,NA,NA,NA,NA,NA,80300910,189
2020-10_south-west_BOSS,J8,Biota,Sponges,NA,NA,NA,NA,NA,NA,NA,NA,NA,10000000,1
2020-10_south-west_BOSS,J8,Physical,Substrate,NA,NA,NA,NA,NA,NA,NA,NA,NA,82001001,1
2020-10_south-west_BOSS,J9,Biota,Macroalgae,NA,NA,NA,NA,NA,NA,Lessoniaceae,Ecklonia,radiata,54079009,5
2020-10_south-west_BOSS,J9,Biota,Macroalgae,NA,NA,NA,NA,NA,NA,NA,NA,NA,80300902,1
2020-10_south-west_BOSS,J9,Biota,Macroalgae,NA,NA,NA,NA,NA,NA,NA,NA,NA,80300909,3
2020-10_south-west_BOSS,J9,Biota,Macroalgae,NA,NA,NA,NA,NA,NA,NA,NA,NA,80300910,105
2020-10_south-west_BOSS,J9,Biota,Seagrasses,NA,NA,NA,NA,NA,NA,Cymodoceaceae,Thalassodendron,spp,63618905,10
2020-10_south-west_BOSS,J9,Biota,Sponges,NA,NA,NA,NA,NA,NA,NA,NA,NA,10000000,6
2020-10_south-west_BOSS,J9,Biota,Sponges,NA,NA,NA,NA,NA,NA,NA,NA,NA,10000903,12
2020-10_south-west_BOSS,J9,Physical,Substrate,NA,NA,NA,NA,NA,NA,NA,NA,NA,82001001,5
2020-10_south-west_BOSS,J9,Physical,Substrate,NA,NA,NA,NA,NA,NA,NA,NA,NA,82001013,37
2020-10_south-west_BOSS,OMR1,Biota,Macroalgae,NA,NA,NA,NA,NA,NA,Lessoniaceae,Ecklonia,radiata,54079009,1
2020-10_south-west_BOSS,OMR1,Biota,Macroalgae,NA,NA,NA,NA,NA,NA,NA,NA,NA,80300000,4
2020-10_south-west_BOSS,OMR1,Biota,Macroalgae,NA,NA,NA,NA,NA,NA,NA,NA,NA,80300904,12
2020-10_south-west_BOSS,OMR1,Biota,Macroalgae,NA,NA,NA,NA,NA,NA,NA,NA,NA,80300910,7
2020-10_south-west_BOSS,OMR1,Physical,Substrate,NA,NA,NA,NA,NA,NA,NA,NA,NA,82001001,11
2020-10_south-west_BOSS,OMR1,Physical,Substrate,NA,NA,NA,NA,NA,NA,NA,NA,NA,82001013,44
2020-10_south-west_BOSS,OMR2,Physical,Substrate,NA,NA,NA,NA,NA,NA,NA,NA,NA,82001013,72
2020-10_south-west_BOSS,OMR3,Biota,Macroalgae,NA,NA,NA,NA,NA,NA,NA,NA,NA,80300910,18
2020-10_south-west_BOSS,OMR3,Physical,Substrate,NA,NA,NA,NA,NA,NA,NA,NA,NA,82001013,62
2020-10_south-west_BOSS,OMR4,Biota,Macroalgae,NA,NA,NA,NA,NA,NA,NA,NA,NA,80300904,1
2020-10_south-west_BOSS,OMR4,Biota,Macroalgae,NA,NA,NA,NA,NA,NA,NA,NA,NA,80300910,3
2020-10_south-west_BOSS,OMR4,Biota,Sponges,NA,NA,NA,NA,NA,NA,NA,NA,NA,10000912,1
2020-10_south-west_BOSS,OMR4,Physical,Substrate,NA,NA,NA,NA,NA,NA,NA,NA,NA,82001001,2
2020-10_south-west_BOSS,OMR4,Physical,Substrate,NA,NA,NA,NA,NA,NA,NA,NA,NA,82001013,65
